"DESCRIPTION","DURATION IN MS","NAME","PARENT SUITE","START TIME","STATUS","STOP TIME","SUB SUITE","SUITE","TEST CLASS","TEST METHOD"
"","680","test_spec_id_special_chars_get","tests.api","Wed Jul 08 01:34:57 UTC 2026","passed","Wed Jul 08 01:34:57 UTC 2026","TestSpecBoundary","test_product_spec_api","",""
"登出后操作收藏返回 401。","733","test_operation_after_logout","tests.api","Wed Jul 08 01:29:08 UTC 2026","passed","Wed Jul 08 01:29:08 UTC 2026","TestFavoriteDefense","test_favorite_api","",""
"","807","test_verify_totp_negative_400","tests.api","Wed Jul 08 01:36:05 UTC 2026","passed","Wed Jul 08 01:36:06 UTC 2026","TestVerifyTOTP","test_totp_api","",""
"","714","test_cod_extra_field","tests.api","Wed Jul 08 01:33:03 UTC 2026","passed","Wed Jul 08 01:33:04 UTC 2026","TestPaymentCheck","test_payment_api","",""
"","737","test_status_new_200","tests.api","Wed Jul 08 01:28:14 UTC 2026","passed","Wed Jul 08 01:28:14 UTC 2026","TestUpdateStatus","test_contact_api","",""
"","705","test_invalid_brand_id","tests.api","Wed Jul 08 01:33:46 UTC 2026","passed","Wed Jul 08 01:33:47 UTC 2026","TestCreateProduct","test_product_api","",""
"","829","test_missing_first_name_422","tests.api","Wed Jul 08 01:36:15 UTC 2026","passed","Wed Jul 08 01:36:16 UTC 2026","TestRegister","test_user_api","",""
"","731","test_credit_card_missing_cvv_422","tests.api","Wed Jul 08 01:32:19 UTC 2026","passed","Wed Jul 08 01:32:19 UTC 2026","TestPaymentCheck","test_payment_api","",""
"","759","test_specific_year_200","tests.api","Wed Jul 08 01:35:16 UTC 2026","passed","Wed Jul 08 01:35:17 UTC 2026","TestAverageSalesPerMonth","test_report_api","",""
"Token 过期后更新状态——使用独立客户端，不污染 _mod_auth。","1593","test_token_expired_update_status","tests.api","Wed Jul 08 01:32:11 UTC 2026","passed","Wed Jul 08 01:32:12 UTC 2026","TestInvoiceDefense","test_invoice_api","",""
"","718","test_get_specs_nonexistent_product","tests.api","Wed Jul 08 01:34:29 UTC 2026","passed","Wed Jul 08 01:34:29 UTC 2026","TestGetSpecs","test_product_spec_api","",""
"","784","test_missing_message_422","tests.api","Wed Jul 08 01:27:37 UTC 2026","passed","Wed Jul 08 01:27:38 UTC 2026","TestSendMessage","test_contact_api","",""
"","1541","test_duplicate_spec_name","tests.api","Wed Jul 08 01:35:00 UTC 2026","passed","Wed Jul 08 01:35:02 UTC 2026","TestSpecBoundary","test_product_spec_api","",""
"","710","test_search_hit","tests.api","Wed Jul 08 01:25:47 UTC 2026","passed","Wed Jul 08 01:25:48 UTC 2026","TestSearchBrands","test_brand_api","",""
"","730","test_validation_code_3_digits","tests.api","Wed Jul 08 01:32:36 UTC 2026","passed","Wed Jul 08 01:32:37 UTC 2026","TestPaymentCheck","test_payment_api","",""
"","813","test_between_invalid","tests.api","Wed Jul 08 01:34:18 UTC 2026","passed","Wed Jul 08 01:34:19 UTC 2026","TestProductQueryBoundary","test_product_api","",""
"","789","test_spec_value_whitespace","tests.api","Wed Jul 08 01:34:41 UTC 2026","passed","Wed Jul 08 01:34:41 UTC 2026","TestAddSpec","test_product_spec_api","",""
"","708","test_delete_unauthenticated_401","tests.api","Wed Jul 08 01:37:24 UTC 2026","passed","Wed Jul 08 01:37:24 UTC 2026","TestDeleteUser","test_user_api","",""
"","721","test_xss_spec_name","tests.api","Wed Jul 08 01:35:03 UTC 2026","passed","Wed Jul 08 01:35:03 UTC 2026","TestSpecDefense","test_product_spec_api","",""
"","747","test_verify_missing_access_token_400","tests.api","Wed Jul 08 01:35:58 UTC 2026","passed","Wed Jul 08 01:35:59 UTC 2026","TestVerifyTOTP","test_totp_api","",""
"","2348","test_three_level_nesting_201","tests.api","Wed Jul 08 01:27:26 UTC 2026","passed","Wed Jul 08 01:27:28 UTC 2026","TestCategoryBoundary","test_category_api","",""
"","0","test_status_awaiting_fulfillment","tests.api","Wed Jul 08 01:32:03 UTC 2026","skipped","Wed Jul 08 01:32:03 UTC 2026","TestStatusEnum","test_invoice_api","",""
"","2221","test_get_deleted_cart","tests.api","Wed Jul 08 01:26:55 UTC 2026","passed","Wed Jul 08 01:26:57 UTC 2026","TestCartState","test_cart_api","",""
"","710","test_missing_subject_422","tests.api","Wed Jul 08 01:27:36 UTC 2026","passed","Wed Jul 08 01:27:37 UTC 2026","TestSendMessage","test_contact_api","",""
"","717","test_verify_invalid_code_400","tests.api","Wed Jul 08 01:35:57 UTC 2026","passed","Wed Jul 08 01:35:57 UTC 2026","TestVerifyTOTP","test_totp_api","",""
"实测：POST /favorites 返回 201 Created。","2148","test_add_favorite_201","tests.api","Wed Jul 08 01:28:30 UTC 2026","passed","Wed Jul 08 01:28:32 UTC 2026","TestAddFavorite","test_favorite_api","",""
"","705","test_reply_missing_message_422","tests.api","Wed Jul 08 01:28:04 UTC 2026","passed","Wed Jul 08 01:28:05 UTC 2026","TestReplyMessage","test_contact_api","",""
"状态逆向流转 RESOLVED → NEW。","1407","test_status_reverse_transition","tests.api","Wed Jul 08 01:28:17 UTC 2026","passed","Wed Jul 08 01:28:18 UTC 2026","TestUpdateStatus","test_contact_api","",""
"","711","test_add_spec_required_only_201","tests.api","Wed Jul 08 01:34:32 UTC 2026","passed","Wed Jul 08 01:34:32 UTC 2026","TestAddSpec","test_product_spec_api","",""
"","0","test_put_success","tests.api","Wed Jul 08 01:30:52 UTC 2026","skipped","Wed Jul 08 01:30:52 UTC 2026","TestPutInvoice","test_invoice_api","",""
"","736","test_missing_password_422","tests.api","Wed Jul 08 01:36:17 UTC 2026","passed","Wed Jul 08 01:36:18 UTC 2026","TestRegister","test_user_api","",""
"","741","test_top10_products_200","tests.api","Wed Jul 08 01:35:07 UTC 2026","passed","Wed Jul 08 01:35:08 UTC 2026","TestTop10PurchasedProducts","test_report_api","",""
"","717","test_missing_billing_state","tests.api","Wed Jul 08 01:29:51 UTC 2026","passed","Wed Jul 08 01:29:51 UTC 2026","TestCreateInvoice","test_invoice_api","",""
"用户 A 的 Token 操作用户 B 的数据 → 403。","723","test_user_a_put_user_b_returns_403","tests.api","Wed Jul 08 01:38:08 UTC 2026","passed","Wed Jul 08 01:38:08 UTC 2026","TestPrivilegeEscalation","test_user_api","",""
"","739","test_empty_body_422","tests.api","Wed Jul 08 01:36:26 UTC 2026","passed","Wed Jul 08 01:36:27 UTC 2026","TestRegister","test_user_api","",""
"","712","test_house_number_overlong","tests.api","Wed Jul 08 01:33:21 UTC 2026","passed","Wed Jul 08 01:33:22 UTC 2026","TestPostcodeLookup","test_postcode_api","",""
"","1437","test_tree_by_slug","tests.api","Wed Jul 08 01:27:00 UTC 2026","passed","Wed Jul 08 01:27:01 UTC 2026","TestGetCategoryTree","test_category_api","",""
"","1403","test_empty_cart","tests.api","Wed Jul 08 01:29:46 UTC 2026","passed","Wed Jul 08 01:29:48 UTC 2026","TestCreateInvoice","test_invoice_api","",""
"","0","test_status_on_hold","tests.api","Wed Jul 08 01:32:03 UTC 2026","skipped","Wed Jul 08 01:32:03 UTC 2026","TestStatusEnum","test_invoice_api","",""
"","725","test_update_unit_to_null_200","tests.api","Wed Jul 08 01:34:49 UTC 2026","passed","Wed Jul 08 01:34:50 UTC 2026","TestUpdateSpec","test_product_spec_api","",""
"","2141","test_patch_name","tests.api","Wed Jul 08 01:25:40 UTC 2026","passed","Wed Jul 08 01:25:42 UTC 2026","TestPatchBrand","test_brand_api","",""
"","1429","test_product_id_empty_422","tests.api","Wed Jul 08 01:26:20 UTC 2026","passed","Wed Jul 08 01:26:21 UTC 2026","TestAddItem","test_cart_api","",""
"","715","test_future_year_200","tests.api","Wed Jul 08 01:35:23 UTC 2026","passed","Wed Jul 08 01:35:23 UTC 2026","TestAverageSalesPerWeek","test_report_api","",""
"","744","test_years_non_numeric","tests.api","Wed Jul 08 01:35:14 UTC 2026","passed","Wed Jul 08 01:35:15 UTC 2026","TestTotalSalesOfYears","test_report_api","",""
"","711","test_token_expired_put","tests.api","Wed Jul 08 01:34:25 UTC 2026","passed","Wed Jul 08 01:34:26 UTC 2026","TestProductDefense","test_product_api","",""
"","779","test_delete_unauthenticated_401","tests.api","Wed Jul 08 01:27:32 UTC 2026","passed","Wed Jul 08 01:27:33 UTC 2026","TestCategoryAuthGaps","test_category_api","",""
"","1420","test_nonexistent_product_id","tests.api","Wed Jul 08 01:26:05 UTC 2026","passed","Wed Jul 08 01:26:07 UTC 2026","TestAddItem","test_cart_api","",""
"","986","test_register_success","tests.api","Wed Jul 08 01:36:12 UTC 2026","passed","Wed Jul 08 01:36:13 UTC 2026","TestRegister","test_user_api","",""
"","712","test_search_no_q","tests.api","Wed Jul 08 01:31:32 UTC 2026","passed","Wed Jul 08 01:31:32 UTC 2026","TestSearchInvoices","test_invoice_api","",""
"","706","test_subject_exact_120_chars_200","tests.api","Wed Jul 08 01:27:42 UTC 2026","passed","Wed Jul 08 01:27:43 UTC 2026","TestSendMessage","test_contact_api","",""
"实测：不存在的 product_id 格式返回 422 而非 404。","708","test_nonexistent_product","tests.api","Wed Jul 08 01:28:34 UTC 2026","passed","Wed Jul 08 01:28:35 UTC 2026","TestAddFavorite","test_favorite_api","",""
"Token 过期后更新留言状态。","707","test_token_expired_update_status","tests.api","Wed Jul 08 01:28:26 UTC 2026","passed","Wed Jul 08 01:28:27 UTC 2026","TestContactDefense","test_contact_api","",""
"","706","test_update_spec_value_200","tests.api","Wed Jul 08 01:34:47 UTC 2026","passed","Wed Jul 08 01:34:47 UTC 2026","TestUpdateSpec","test_product_spec_api","",""
"","912","test_register_only_required_fields_201","tests.api","Wed Jul 08 01:36:31 UTC 2026","passed","Wed Jul 08 01:36:32 UTC 2026","TestRegister","test_user_api","",""
"","2858","test_duplicate_favorite_409","tests.api","Wed Jul 08 01:28:35 UTC 2026","passed","Wed Jul 08 01:28:38 UTC 2026","TestAddFavorite","test_favorite_api","",""
"","695","test_get_nonexistent_404","tests.api","Wed Jul 08 01:26:25 UTC 2026","passed","Wed Jul 08 01:26:25 UTC 2026","TestGetCart","test_cart_api","",""
"","719","test_create_unauthenticated_401","tests.api","Wed Jul 08 01:34:20 UTC 2026","passed","Wed Jul 08 01:34:21 UTC 2026","TestProductAuth","test_product_api","",""
"","735","test_default_year_200","tests.api","Wed Jul 08 01:35:15 UTC 2026","passed","Wed Jul 08 01:35:16 UTC 2026","TestAverageSalesPerMonth","test_report_api","",""
"","805","test_verify_totp_null_400","tests.api","Wed Jul 08 01:36:05 UTC 2026","passed","Wed Jul 08 01:36:05 UTC 2026","TestVerifyTOTP","test_totp_api","",""
"实测：API 不校验 page 负数，返回 200。","737","test_page_negative_200","tests.api","Wed Jul 08 01:27:56 UTC 2026","passed","Wed Jul 08 01:27:57 UTC 2026","TestGetMessages","test_contact_api","",""
"","1447","test_duplicate_slug_409","tests.api","Wed Jul 08 01:25:30 UTC 2026","passed","Wed Jul 08 01:25:32 UTC 2026","TestCreateBrand","test_brand_api","",""
"","756","test_verify_missing_totp_400","tests.api","Wed Jul 08 01:35:59 UTC 2026","passed","Wed Jul 08 01:36:00 UTC 2026","TestVerifyTOTP","test_totp_api","",""
"","737","test_logout_unauthenticated","tests.api","Wed Jul 08 01:37:58 UTC 2026","passed","Wed Jul 08 01:37:58 UTC 2026","TestLogout","test_user_api","",""
"100 层深度嵌套 —— 不应导致服务崩溃。","712","test_json_nested_bomb","tests.api","Wed Jul 08 01:33:08 UTC 2026","passed","Wed Jul 08 01:33:08 UTC 2026","TestPaymentCheck","test_payment_api","",""
"","693","test_unauthorized_401","tests.api","Wed Jul 08 01:35:08 UTC 2026","passed","Wed Jul 08 01:35:09 UTC 2026","TestTop10PurchasedProducts","test_report_api","",""
"","732","test_reply_subject_120_chars","tests.api","Wed Jul 08 01:28:06 UTC 2026","passed","Wed Jul 08 01:28:07 UTC 2026","TestReplyMessage","test_contact_api","",""
"","698","test_search_special_chars","tests.api","Wed Jul 08 01:33:35 UTC 2026","passed","Wed Jul 08 01:33:36 UTC 2026","TestSearchProducts","test_product_api","",""
"","718","test_missing_name_422","tests.api","Wed Jul 08 01:33:42 UTC 2026","passed","Wed Jul 08 01:33:42 UTC 2026","TestCreateProduct","test_product_api","",""
"","801","test_phone_too_long_422","tests.api","Wed Jul 08 01:36:29 UTC 2026","passed","Wed Jul 08 01:36:30 UTC 2026","TestRegister","test_user_api","",""
"","701","test_token_expired_delete","tests.api","Wed Jul 08 01:34:26 UTC 2026","passed","Wed Jul 08 01:34:27 UTC 2026","TestProductDefense","test_product_api","",""
"","708","test_message_251_chars_422","tests.api","Wed Jul 08 01:27:45 UTC 2026","passed","Wed Jul 08 01:27:46 UTC 2026","TestSendMessage","test_contact_api","",""
"","730","test_product_image_id_invalid","tests.api","Wed Jul 08 01:34:00 UTC 2026","passed","Wed Jul 08 01:34:01 UTC 2026","TestCreateProduct","test_product_api","",""
"","841","test_city_too_long_422","tests.api","Wed Jul 08 01:36:28 UTC 2026","passed","Wed Jul 08 01:36:29 UTC 2026","TestRegister","test_user_api","",""
"","718","test_delete_nonexistent","tests.api","Wed Jul 08 01:25:44 UTC 2026","passed","Wed Jul 08 01:25:45 UTC 2026","TestDeleteBrand","test_brand_api","",""
"","722","test_create_gift_card","tests.api","Wed Jul 08 01:29:29 UTC 2026","passed","Wed Jul 08 01:29:30 UTC 2026","TestCreateInvoice","test_invoice_api","",""
"","709","test_put_missing_billing_street","tests.api","Wed Jul 08 01:29:56 UTC 2026","skipped","Wed Jul 08 01:29:57 UTC 2026","TestCreateInvoice","test_invoice_api","",""
"","717","test_get_empty_cart_200","tests.api","Wed Jul 08 01:26:24 UTC 2026","passed","Wed Jul 08 01:26:25 UTC 2026","TestGetCart","test_cart_api","",""
"","703","test_country_4_chars","tests.api","Wed Jul 08 01:33:16 UTC 2026","passed","Wed Jul 08 01:33:16 UTC 2026","TestPostcodeLookup","test_postcode_api","",""
"","1573","test_get_me_after_logout_401","tests.api","Wed Jul 08 01:36:51 UTC 2026","passed","Wed Jul 08 01:36:53 UTC 2026","TestGetMe","test_user_api","",""
"","706","test_delete_nonexistent","tests.api","Wed Jul 08 01:34:15 UTC 2026","passed","Wed Jul 08 01:34:15 UTC 2026","TestDeleteProduct","test_product_api","",""
"","734","test_verify_extra_field","tests.api","Wed Jul 08 01:36:08 UTC 2026","passed","Wed Jul 08 01:36:08 UTC 2026","TestVerifyTOTP","test_totp_api","",""
"","733","test_specific_years_200","tests.api","Wed Jul 08 01:35:11 UTC 2026","passed","Wed Jul 08 01:35:12 UTC 2026","TestTotalSalesOfYears","test_report_api","",""
"","707","test_missing_country_422","tests.api","Wed Jul 08 01:33:10 UTC 2026","passed","Wed Jul 08 01:33:11 UTC 2026","TestPostcodeLookup","test_postcode_api","",""
"","710","test_get_existing","tests.api","Wed Jul 08 01:33:36 UTC 2026","passed","Wed Jul 08 01:33:37 UTC 2026","TestGetProduct","test_product_api","",""
"","768","test_verify_unauthorized_401","tests.api","Wed Jul 08 01:35:57 UTC 2026","passed","Wed Jul 08 01:35:58 UTC 2026","TestVerifyTOTP","test_totp_api","",""
"","787","test_missing_postcode_422","tests.api","Wed Jul 08 01:33:11 UTC 2026","passed","Wed Jul 08 01:33:11 UTC 2026","TestPostcodeLookup","test_postcode_api","",""
"","729","test_cc_missing_cvv","tests.api","Wed Jul 08 01:31:54 UTC 2026","passed","Wed Jul 08 01:31:54 UTC 2026","TestInvoiceBoundary","test_invoice_api","",""
"","742","test_delete_nonexistent_user","tests.api","Wed Jul 08 01:37:26 UTC 2026","passed","Wed Jul 08 01:37:27 UTC 2026","TestDeleteUser","test_user_api","",""
"","724","test_bank_transfer_missing_account_number_422","tests.api","Wed Jul 08 01:32:20 UTC 2026","passed","Wed Jul 08 01:32:20 UTC 2026","TestPaymentCheck","test_payment_api","",""
"","0","test_patch_success","tests.api","Wed Jul 08 01:30:53 UTC 2026","skipped","Wed Jul 08 01:30:53 UTC 2026","TestPatchInvoice","test_invoice_api","",""
"实测：reply 的 message 250 字符返回 201（与 send 相同的限制）。","729","test_reply_message_250_chars","tests.api","Wed Jul 08 01:28:05 UTC 2026","passed","Wed Jul 08 01:28:06 UTC 2026","TestReplyMessage","test_contact_api","",""
"","712","test_spec_value_empty","tests.api","Wed Jul 08 01:34:36 UTC 2026","passed","Wed Jul 08 01:34:37 UTC 2026","TestAddSpec","test_product_spec_api","",""
"","0","test_download_pdf","tests.api","Wed Jul 08 01:31:27 UTC 2026","skipped","Wed Jul 08 01:31:27 UTC 2026","TestPdf","test_invoice_api","",""
"","717","test_search_no_match","tests.api","Wed Jul 08 01:31:30 UTC 2026","passed","Wed Jul 08 01:31:31 UTC 2026","TestSearchInvoices","test_invoice_api","",""
"","687","test_filter_by_category","tests.api","Wed Jul 08 01:33:29 UTC 2026","passed","Wed Jul 08 01:33:29 UTC 2026","TestGetProducts","test_product_api","",""
"","717","test_attach_nonexistent_message_400","tests.api","Wed Jul 08 01:28:19 UTC 2026","passed","Wed Jul 08 01:28:19 UTC 2026","TestAttachFile","test_contact_api","",""
"","714","test_installments_non_numeric_422","tests.api","Wed Jul 08 01:32:42 UTC 2026","passed","Wed Jul 08 01:32:42 UTC 2026","TestPaymentCheck","test_payment_api","",""
"","2136","test_delete_cart","tests.api","Wed Jul 08 01:26:44 UTC 2026","passed","Wed Jul 08 01:26:46 UTC 2026","TestDeleteCart","test_cart_api","",""
"","2953","test_xss_billing_street","tests.api","Wed Jul 08 01:32:06 UTC 2026","passed","Wed Jul 08 01:32:09 UTC 2026","TestInvoiceDefense","test_invoice_api","",""
"","727","test_future_year_200","tests.api","Wed Jul 08 01:35:13 UTC 2026","passed","Wed Jul 08 01:35:14 UTC 2026","TestTotalSalesOfYears","test_report_api","",""
"","707","test_slug_special_chars_422","tests.api","Wed Jul 08 01:25:50 UTC 2026","passed","Wed Jul 08 01:25:51 UTC 2026","TestBrandBoundary","test_brand_api","",""
"","2267","test_add_item_200","tests.api","Wed Jul 08 01:26:00 UTC 2026","passed","Wed Jul 08 01:26:02 UTC 2026","TestAddItem","test_cart_api","",""
"","717","test_valid_email","tests.api","Wed Jul 08 01:37:36 UTC 2026","passed","Wed Jul 08 01:37:37 UTC 2026","TestForgotPassword","test_user_api","",""
"","739","test_missing_name_422","tests.api","Wed Jul 08 01:27:04 UTC 2026","passed","Wed Jul 08 01:27:05 UTC 2026","TestCreateCategory","test_category_api","",""
"","719","test_subject_empty_422","tests.api","Wed Jul 08 01:27:43 UTC 2026","passed","Wed Jul 08 01:27:44 UTC 2026","TestSendMessage","test_contact_api","",""
"","734","test_email_exact_256_chars_200","tests.api","Wed Jul 08 01:27:39 UTC 2026","passed","Wed Jul 08 01:27:40 UTC 2026","TestSendMessage","test_contact_api","",""
"","2884","test_update_nonexistent_product","tests.api","Wed Jul 08 01:26:29 UTC 2026","passed","Wed Jul 08 01:26:32 UTC 2026","TestUpdateQuantity","test_cart_api","",""
"Token 过期后更新规格。","707","test_token_expired_update","tests.api","Wed Jul 08 01:35:03 UTC 2026","passed","Wed Jul 08 01:35:04 UTC 2026","TestSpecDefense","test_product_spec_api","",""
"","813","test_spec_unit_null_201","tests.api","Wed Jul 08 01:34:39 UTC 2026","passed","Wed Jul 08 01:34:40 UTC 2026","TestAddSpec","test_product_spec_api","",""
"实测：回复不存在的留言触发服务端 500。","712","test_reply_nonexistent_500","tests.api","Wed Jul 08 01:28:03 UTC 2026","passed","Wed Jul 08 01:28:04 UTC 2026","TestReplyMessage","test_contact_api","",""
"","813","test_patch_unauthenticated_401","tests.api","Wed Jul 08 01:37:19 UTC 2026","passed","Wed Jul 08 01:37:20 UTC 2026","TestPatchUser","test_user_api","",""
"","707","test_billing_city_too_long","tests.api","Wed Jul 08 01:31:39 UTC 2026","passed","Wed Jul 08 01:31:40 UTC 2026","TestInvoiceBoundary","test_invoice_api","",""
"","774","test_year_non_numeric","tests.api","Wed Jul 08 01:35:23 UTC 2026","passed","Wed Jul 08 01:35:24 UTC 2026","TestAverageSalesPerWeek","test_report_api","",""
"","740","test_search_hit","tests.api","Wed Jul 08 01:33:33 UTC 2026","passed","Wed Jul 08 01:33:34 UTC 2026","TestSearchProducts","test_product_api","",""
"","804","test_first_name_too_long_422","tests.api","Wed Jul 08 01:36:23 UTC 2026","passed","Wed Jul 08 01:36:24 UTC 2026","TestRegister","test_user_api","",""
"","718","test_unauthorized_401","tests.api","Wed Jul 08 01:35:17 UTC 2026","passed","Wed Jul 08 01:35:18 UTC 2026","TestAverageSalesPerMonth","test_report_api","",""
"","747","test_negative_price","tests.api","Wed Jul 08 01:33:47 UTC 2026","passed","Wed Jul 08 01:33:48 UTC 2026","TestCreateProduct","test_product_api","",""
"","695","test_attach_no_file_400","tests.api","Wed Jul 08 01:28:20 UTC 2026","passed","Wed Jul 08 01:28:21 UTC 2026","TestAttachFile","test_contact_api","",""
"","713","test_combined_filters","tests.api","Wed Jul 08 01:34:20 UTC 2026","passed","Wed Jul 08 01:34:20 UTC 2026","TestProductQueryBoundary","test_product_api","",""
"","716","test_gift_card_missing_number_422","tests.api","Wed Jul 08 01:32:20 UTC 2026","passed","Wed Jul 08 01:32:21 UTC 2026","TestPaymentCheck","test_payment_api","",""
"","5347","test_update_quantity_zero","tests.api","Wed Jul 08 01:26:32 UTC 2026","passed","Wed Jul 08 01:26:37 UTC 2026","TestUpdateQuantity","test_cart_api","",""
"","743","test_gift_missing_validation","tests.api","Wed Jul 08 01:31:59 UTC 2026","passed","Wed Jul 08 01:32:00 UTC 2026","TestInvoiceBoundary","test_invoice_api","",""
"","720","test_product_id_empty_422","tests.api","Wed Jul 08 01:28:38 UTC 2026","passed","Wed Jul 08 01:28:39 UTC 2026","TestAddFavorite","test_favorite_api","",""
"","720","test_default_year_200","tests.api","Wed Jul 08 01:35:21 UTC 2026","passed","Wed Jul 08 01:35:21 UTC 2026","TestAverageSalesPerWeek","test_report_api","",""
"实测：非空文件上传返回 400（服务端仅允许空文件）。","703","test_attach_file","tests.api","Wed Jul 08 01:28:18 UTC 2026","passed","Wed Jul 08 01:28:19 UTC 2026","TestAttachFile","test_contact_api","",""
"","728","test_missing_payment_method","tests.api","Wed Jul 08 01:29:38 UTC 2026","passed","Wed Jul 08 01:29:38 UTC 2026","TestCreateInvoice","test_invoice_api","",""
"","716","test_name_too_long","tests.api","Wed Jul 08 01:33:54 UTC 2026","passed","Wed Jul 08 01:33:55 UTC 2026","TestCreateProduct","test_product_api","",""
"","725","test_get_spec_200","tests.api","Wed Jul 08 01:34:45 UTC 2026","passed","Wed Jul 08 01:34:46 UTC 2026","TestGetSpec","test_product_spec_api","",""
"","708","test_password_too_short_401","tests.api","Wed Jul 08 01:36:43 UTC 2026","passed","Wed Jul 08 01:36:44 UTC 2026","TestLogin","test_user_api","",""
"","753","test_page_float","tests.api","Wed Jul 08 01:27:58 UTC 2026","passed","Wed Jul 08 01:27:59 UTC 2026","TestGetMessages","test_contact_api","",""
"","2891","test_patch_name","tests.api","Wed Jul 08 01:34:09 UTC 2026","passed","Wed Jul 08 01:34:12 UTC 2026","TestPatchProduct","test_product_api","",""
"API 不校验 monthly_installments 是否为负数。","997","test_installments_negative_200","tests.api","Wed Jul 08 01:32:41 UTC 2026","passed","Wed Jul 08 01:32:42 UTC 2026","TestPaymentCheck","test_payment_api","",""
"","0","test_search","tests.api","Wed Jul 08 01:31:30 UTC 2026","skipped","Wed Jul 08 01:31:30 UTC 2026","TestSearchInvoices","test_invoice_api","",""
"","718","test_unauthorized_401","tests.api","Wed Jul 08 01:35:22 UTC 2026","passed","Wed Jul 08 01:35:23 UTC 2026","TestAverageSalesPerWeek","test_report_api","",""
"","715","test_slug_overlong_422","tests.api","Wed Jul 08 01:27:34 UTC 2026","passed","Wed Jul 08 01:27:35 UTC 2026","TestCategoryBoundaryGaps","test_category_api","",""
"非管理员用户查看单条留言。","2386","test_non_admin_get_single_message","tests.api","Wed Jul 08 01:28:24 UTC 2026","passed","Wed Jul 08 01:28:26 UTC 2026","TestContactDefense","test_contact_api","",""
"","1409","test_delete_requires_auth","tests.api","Wed Jul 08 01:25:43 UTC 2026","passed","Wed Jul 08 01:25:44 UTC 2026","TestDeleteBrand","test_brand_api","",""
"","825","test_login_success","tests.api","Wed Jul 08 01:36:33 UTC 2026","passed","Wed Jul 08 01:36:34 UTC 2026","TestLogin","test_user_api","",""
"","704","test_expiration_date_bad_format_422","tests.api","Wed Jul 08 01:32:28 UTC 2026","passed","Wed Jul 08 01:32:29 UTC 2026","TestPaymentCheck","test_payment_api","",""
"","720","test_email_no_at_422","tests.api","Wed Jul 08 01:27:41 UTC 2026","passed","Wed Jul 08 01:27:41 UTC 2026","TestSendMessage","test_contact_api","",""
"","2170","test_quantity_zero_422","tests.api","Wed Jul 08 01:26:08 UTC 2026","passed","Wed Jul 08 01:26:10 UTC 2026","TestAddItem","test_cart_api","",""
"","801","test_extra_field","tests.api","Wed Jul 08 01:27:48 UTC 2026","passed","Wed Jul 08 01:27:49 UTC 2026","TestSendMessage","test_contact_api","",""
"","724","test_verify_totp_special_chars_400","tests.api","Wed Jul 08 01:36:04 UTC 2026","passed","Wed Jul 08 01:36:05 UTC 2026","TestVerifyTOTP","test_totp_api","",""
"API 不校验 method 与 details 的匹配关系。","706","test_method_details_mismatch_200","tests.api","Wed Jul 08 01:32:22 UTC 2026","passed","Wed Jul 08 01:32:22 UTC 2026","TestPaymentCheck","test_payment_api","",""
"","735","test_email_unicode","tests.api","Wed Jul 08 01:27:49 UTC 2026","passed","Wed Jul 08 01:27:50 UTC 2026","TestSendMessage","test_contact_api","",""
"","697","test_product_id_type_int_422","tests.api","Wed Jul 08 01:28:42 UTC 2026","passed","Wed Jul 08 01:28:42 UTC 2026","TestAddFavorite","test_favorite_api","",""
"","808","test_dob_under_18_422","tests.api","Wed Jul 08 01:36:21 UTC 2026","passed","Wed Jul 08 01:36:22 UTC 2026","TestRegister","test_user_api","",""
"","1434","test_missing_product_id_422","tests.api","Wed Jul 08 01:26:02 UTC 2026","passed","Wed Jul 08 01:26:03 UTC 2026","TestAddItem","test_cart_api","",""
"","713","test_search_hit","tests.api","Wed Jul 08 01:37:34 UTC 2026","passed","Wed Jul 08 01:37:35 UTC 2026","TestSearchUsers","test_user_api","",""
"","699","test_get_unauthenticated_401","tests.api","Wed Jul 08 01:29:16 UTC 2026","passed","Wed Jul 08 01:29:17 UTC 2026","TestGetInvoices","test_invoice_api","",""
"空收藏列表响应应为 [] 而非 null 或对象。","716","test_empty_list_structure","tests.api","Wed Jul 08 01:28:46 UTC 2026","passed","Wed Jul 08 01:28:47 UTC 2026","TestGetFavorites","test_favorite_api","",""
"Token 过期后创建订单——使用独立客户端，不污染 _mod_auth。","1477","test_token_expired_create","tests.api","Wed Jul 08 01:32:09 UTC 2026","passed","Wed Jul 08 01:32:11 UTC 2026","TestInvoiceDefense","test_invoice_api","",""
"","817","test_guest_missing_billing_city","tests.api","Wed Jul 08 01:30:01 UTC 2026","passed","Wed Jul 08 01:30:02 UTC 2026","TestGuestInvoice","test_invoice_api","",""
"","1454","test_put_missing_name","tests.api","Wed Jul 08 01:25:39 UTC 2026","passed","Wed Jul 08 01:25:40 UTC 2026","TestPutBrand","test_brand_api","",""
"","826","test_missing_email_422","tests.api","Wed Jul 08 01:36:16 UTC 2026","passed","Wed Jul 08 01:36:17 UTC 2026","TestRegister","test_user_api","",""
"","0","test_status_invalid_422","tests.api","Wed Jul 08 01:31:26 UTC 2026","skipped","Wed Jul 08 01:31:26 UTC 2026","TestUpdateStatus","test_invoice_api","",""
"","737","test_favorite_id_special_chars","tests.api","Wed Jul 08 01:28:49 UTC 2026","passed","Wed Jul 08 01:28:49 UTC 2026","TestGetFavorite","test_favorite_api","",""
"","2837","test_remove_item","tests.api","Wed Jul 08 01:26:37 UTC 2026","passed","Wed Jul 08 01:26:40 UTC 2026","TestRemoveItem","test_cart_api","",""
"","2171","test_put_success","tests.api","Wed Jul 08 01:25:36 UTC 2026","passed","Wed Jul 08 01:25:38 UTC 2026","TestPutBrand","test_brand_api","",""
"","708","test_spec_value_null_422","tests.api","Wed Jul 08 01:34:44 UTC 2026","passed","Wed Jul 08 01:34:44 UTC 2026","TestAddSpec","test_product_spec_api","",""
"","714","test_house_number_negative","tests.api","Wed Jul 08 01:33:24 UTC 2026","passed","Wed Jul 08 01:33:24 UTC 2026","TestPostcodeLookup","test_postcode_api","",""
"","689","test_get_cart_with_items_200","tests.api","Wed Jul 08 01:26:23 UTC 2026","passed","Wed Jul 08 01:26:24 UTC 2026","TestGetCart","test_cart_api","",""
"","867","test_invalid_email_format","tests.api","Wed Jul 08 01:36:20 UTC 2026","passed","Wed Jul 08 01:36:21 UTC 2026","TestRegister","test_user_api","",""
"","714","test_country_lowercase","tests.api","Wed Jul 08 01:33:16 UTC 2026","passed","Wed Jul 08 01:33:17 UTC 2026","TestPostcodeLookup","test_postcode_api","",""
"favoriteId 为空时 GET /favorites/ 匹配列表路由返回 200。","938","test_favorite_id_empty","tests.api","Wed Jul 08 01:28:50 UTC 2026","passed","Wed Jul 08 01:28:51 UTC 2026","TestGetFavorite","test_favorite_api","",""
"","774","test_cash_on_delivery_200","tests.api","Wed Jul 08 01:32:14 UTC 2026","passed","Wed Jul 08 01:32:14 UTC 2026","TestPaymentCheck","test_payment_api","",""
"","710","test_put_unauthenticated_401","tests.api","Wed Jul 08 01:34:21 UTC 2026","passed","Wed Jul 08 01:34:22 UTC 2026","TestProductAuth","test_product_api","",""
"","784","test_related_nonexistent","tests.api","Wed Jul 08 01:33:39 UTC 2026","passed","Wed Jul 08 01:33:40 UTC 2026","TestRelatedProducts","test_product_api","",""
"实测：为不存在的产品添加规格触发服务端 500。","731","test_nonexistent_product_500","tests.api","Wed Jul 08 01:34:35 UTC 2026","passed","Wed Jul 08 01:34:35 UTC 2026","TestAddSpec","test_product_spec_api","",""
"","704","test_update_nonexistent_cart","tests.api","Wed Jul 08 01:26:28 UTC 2026","passed","Wed Jul 08 01:26:29 UTC 2026","TestUpdateQuantity","test_cart_api","",""
"","713","test_spec_name_special_chars","tests.api","Wed Jul 08 01:34:41 UTC 2026","passed","Wed Jul 08 01:34:42 UTC 2026","TestAddSpec","test_product_spec_api","",""
"","719","test_missing_name_422","tests.api","Wed Jul 08 01:25:29 UTC 2026","passed","Wed Jul 08 01:25:30 UTC 2026","TestCreateBrand","test_brand_api","",""
"","718","test_name_overlong_422","tests.api","Wed Jul 08 01:25:57 UTC 2026","passed","Wed Jul 08 01:25:58 UTC 2026","TestBrandBoundaryGaps","test_brand_api","",""
"","718","test_house_number_empty_200","tests.api","Wed Jul 08 01:33:23 UTC 2026","passed","Wed Jul 08 01:33:24 UTC 2026","TestPostcodeLookup","test_postcode_api","",""
"","720","test_product_id_special_chars","tests.api","Wed Jul 08 01:28:40 UTC 2026","passed","Wed Jul 08 01:28:41 UTC 2026","TestAddFavorite","test_favorite_api","",""
"","750","test_password_no_digit_422","tests.api","Wed Jul 08 01:36:27 UTC 2026","passed","Wed Jul 08 01:36:28 UTC 2026","TestRegister","test_user_api","",""
"","733","test_spec_value_overlong","tests.api","Wed Jul 08 01:34:38 UTC 2026","passed","Wed Jul 08 01:34:38 UTC 2026","TestAddSpec","test_product_spec_api","",""
"","765","test_slug_special_chars_422","tests.api","Wed Jul 08 01:27:22 UTC 2026","passed","Wed Jul 08 01:27:23 UTC 2026","TestCategoryBoundary","test_category_api","",""
"用户 B 获取收藏列表：不应包含用户 A 的收藏。","4001","test_cross_user_get_favorites_list","tests.api","Wed Jul 08 01:29:08 UTC 2026","passed","Wed Jul 08 01:29:12 UTC 2026","TestFavoriteDefense","test_favorite_api","",""
"用户 A 的 totp + 用户 B 的 access_token → 400。","2730","test_cross_user_token_verify","tests.api","Wed Jul 08 01:36:08 UTC 2026","passed","Wed Jul 08 01:36:11 UTC 2026","TestTOTPDefense","test_totp_api","",""
"","707","test_account_name_empty_422","tests.api","Wed Jul 08 01:32:25 UTC 2026","passed","Wed Jul 08 01:32:25 UTC 2026","TestPaymentCheck","test_payment_api","",""
"","687","test_page","tests.api","Wed Jul 08 01:33:32 UTC 2026","passed","Wed Jul 08 01:33:32 UTC 2026","TestGetProducts","test_product_api","",""
"","2157","test_quantity_large","tests.api","Wed Jul 08 01:26:13 UTC 2026","passed","Wed Jul 08 01:26:15 UTC 2026","TestAddItem","test_cart_api","",""
"","720","test_missing_spec_value_422","tests.api","Wed Jul 08 01:34:33 UTC 2026","passed","Wed Jul 08 01:34:34 UTC 2026","TestAddSpec","test_product_spec_api","",""
"","822","test_create_invalid_parent_id","tests.api","Wed Jul 08 01:27:04 UTC 2026","passed","Wed Jul 08 01:27:04 UTC 2026","TestCreateCategory","test_category_api","",""
"","692","test_bank_transfer_extra_field","tests.api","Wed Jul 08 01:32:27 UTC 2026","passed","Wed Jul 08 01:32:27 UTC 2026","TestPaymentCheck","test_payment_api","",""
"API 不校验 payment_method 枚举，任意值均返回 200。","710","test_invalid_payment_method_200","tests.api","Wed Jul 08 01:32:18 UTC 2026","passed","Wed Jul 08 01:32:19 UTC 2026","TestPaymentCheck","test_payment_api","",""
"","742","test_guest_missing_email","tests.api","Wed Jul 08 01:30:00 UTC 2026","passed","Wed Jul 08 01:30:01 UTC 2026","TestGuestInvoice","test_invoice_api","",""
"","809","test_search_no_hit","tests.api","Wed Jul 08 01:37:35 UTC 2026","passed","Wed Jul 08 01:37:36 UTC 2026","TestSearchUsers","test_user_api","",""
"","711","test_billing_postal_too_long","tests.api","Wed Jul 08 01:31:42 UTC 2026","passed","Wed Jul 08 01:31:43 UTC 2026","TestInvoiceBoundary","test_invoice_api","",""
"","1446","test_logout_authenticated","tests.api","Wed Jul 08 01:37:56 UTC 2026","passed","Wed Jul 08 01:37:57 UTC 2026","TestLogout","test_user_api","",""
"","718","test_get_products_200","tests.api","Wed Jul 08 01:33:26 UTC 2026","passed","Wed Jul 08 01:33:27 UTC 2026","TestGetProducts","test_product_api","",""
"实测：重复 setup 返回 200（重新颁发 secret），不阻止。","1577","test_setup_already_enabled_200","tests.api","Wed Jul 08 01:35:52 UTC 2026","passed","Wed Jul 08 01:35:53 UTC 2026","TestSetupTOTP","test_totp_api","",""
"","716","test_bank_transfer_200","tests.api","Wed Jul 08 01:32:16 UTC 2026","passed","Wed Jul 08 01:32:17 UTC 2026","TestPaymentCheck","test_payment_api","",""
"","722","test_search_unauthenticated","tests.api","Wed Jul 08 01:31:31 UTC 2026","passed","Wed Jul 08 01:31:31 UTC 2026","TestSearchInvoices","test_invoice_api","",""
"API 不校验 method 大小写。","724","test_payment_method_case_insensitive","tests.api","Wed Jul 08 01:32:22 UTC 2026","passed","Wed Jul 08 01:32:23 UTC 2026","TestPaymentCheck","test_payment_api","",""
"","697","test_status_invalid_enum_422","tests.api","Wed Jul 08 01:28:13 UTC 2026","passed","Wed Jul 08 01:28:14 UTC 2026","TestUpdateStatus","test_contact_api","",""
"","772","test_sql_injection_spec_value","tests.api","Wed Jul 08 01:35:02 UTC 2026","passed","Wed Jul 08 01:35:03 UTC 2026","TestSpecDefense","test_product_spec_api","",""
"","3571","test_update_removed_product","tests.api","Wed Jul 08 01:26:49 UTC 2026","passed","Wed Jul 08 01:26:52 UTC 2026","TestCartState","test_cart_api","",""
"","729","test_download_nonexistent","tests.api","Wed Jul 08 01:31:27 UTC 2026","passed","Wed Jul 08 01:31:28 UTC 2026","TestPdf","test_invoice_api","",""
"","730","test_get_nonexistent_favorite_404","tests.api","Wed Jul 08 01:28:48 UTC 2026","passed","Wed Jul 08 01:28:49 UTC 2026","TestGetFavorite","test_favorite_api","",""
"","712","test_get_nonexistent_404","tests.api","Wed Jul 08 01:30:50 UTC 2026","passed","Wed Jul 08 01:30:51 UTC 2026","TestGetInvoice","test_invoice_api","",""
"","2161","test_delete_success","tests.api","Wed Jul 08 01:34:12 UTC 2026","passed","Wed Jul 08 01:34:15 UTC 2026","TestDeleteProduct","test_product_api","",""
"","2843","test_duplicate_add","tests.api","Wed Jul 08 01:26:17 UTC 2026","passed","Wed Jul 08 01:26:20 UTC 2026","TestAddItem","test_cart_api","",""
"","723","test_put_nonexistent","tests.api","Wed Jul 08 01:30:52 UTC 2026","passed","Wed Jul 08 01:30:52 UTC 2026","TestPutInvoice","test_invoice_api","",""
"","731","test_patch_nonexistent_404","tests.api","Wed Jul 08 01:25:42 UTC 2026","passed","Wed Jul 08 01:25:43 UTC 2026","TestPatchBrand","test_brand_api","",""
"","742","test_cvv_2_digits","tests.api","Wed Jul 08 01:32:32 UTC 2026","passed","Wed Jul 08 01:32:33 UTC 2026","TestPaymentCheck","test_payment_api","",""
"","2905","test_add_to_deleted_cart","tests.api","Wed Jul 08 01:26:52 UTC 2026","passed","Wed Jul 08 01:26:55 UTC 2026","TestCartState","test_cart_api","",""
"","714","test_patch_unauthenticated_401","tests.api","Wed Jul 08 01:34:22 UTC 2026","passed","Wed Jul 08 01:34:23 UTC 2026","TestProductAuth","test_product_api","",""
"","1500","test_duplicate_slug_409","tests.api","Wed Jul 08 01:27:06 UTC 2026","passed","Wed Jul 08 01:27:07 UTC 2026","TestCreateCategory","test_category_api","",""
"","721","test_name_empty_422","tests.api","Wed Jul 08 01:33:53 UTC 2026","passed","Wed Jul 08 01:33:53 UTC 2026","TestCreateProduct","test_product_api","",""
"","2743","test_change_password_success","tests.api","Wed Jul 08 01:37:40 UTC 2026","passed","Wed Jul 08 01:37:43 UTC 2026","TestChangePassword","test_user_api","",""
"","809","test_structure_valid","tests.api","Wed Jul 08 01:26:58 UTC 2026","passed","Wed Jul 08 01:26:59 UTC 2026","TestGetCategories","test_category_api","",""
"","745","test_top10_categories_200","tests.api","Wed Jul 08 01:35:09 UTC 2026","passed","Wed Jul 08 01:35:09 UTC 2026","TestTop10Categories","test_report_api","",""
"","690","test_update_unauthorized_401","tests.api","Wed Jul 08 01:34:48 UTC 2026","passed","Wed Jul 08 01:34:49 UTC 2026","TestUpdateSpec","test_product_spec_api","",""
"payment_method 不传时 API 仍返回 200（不校验 method）。","699","test_missing_payment_method_200","tests.api","Wed Jul 08 01:32:15 UTC 2026","passed","Wed Jul 08 01:32:16 UTC 2026","TestPaymentCheck","test_payment_api","",""
"","718","test_unauthorized_401","tests.api","Wed Jul 08 01:35:09 UTC 2026","passed","Wed Jul 08 01:35:10 UTC 2026","TestTop10Categories","test_report_api","",""
"","0","test_status_completed","tests.api","Wed Jul 08 01:32:03 UTC 2026","skipped","Wed Jul 08 01:32:03 UTC 2026","TestStatusEnum","test_invoice_api","",""
"","714","test_name_empty_string_422","tests.api","Wed Jul 08 01:27:23 UTC 2026","passed","Wed Jul 08 01:27:24 UTC 2026","TestCategoryBoundary","test_category_api","",""
"","731","test_country_special_chars","tests.api","Wed Jul 08 01:33:18 UTC 2026","passed","Wed Jul 08 01:33:19 UTC 2026","TestPostcodeLookup","test_postcode_api","",""
"","707","test_patch_unauthenticated_401","tests.api","Wed Jul 08 01:31:25 UTC 2026","passed","Wed Jul 08 01:31:26 UTC 2026","TestPatchInvoice","test_invoice_api","",""
"","973","test_get_me_authenticated","tests.api","Wed Jul 08 01:36:47 UTC 2026","passed","Wed Jul 08 01:36:48 UTC 2026","TestGetMe","test_user_api","",""
"","702","test_update_name_empty_422","tests.api","Wed Jul 08 01:34:50 UTC 2026","passed","Wed Jul 08 01:34:51 UTC 2026","TestUpdateSpec","test_product_spec_api","",""
"","709","test_create_cash_on_delivery","tests.api","Wed Jul 08 01:29:26 UTC 2026","passed","Wed Jul 08 01:29:27 UTC 2026","TestCreateInvoice","test_invoice_api","",""
"","736","test_patch_unauthenticated_401","tests.api","Wed Jul 08 01:27:31 UTC 2026","passed","Wed Jul 08 01:27:32 UTC 2026","TestCategoryAuth","test_category_api","",""
"","20249","test_installments_float","tests.api","Wed Jul 08 01:32:43 UTC 2026","passed","Wed Jul 08 01:33:03 UTC 2026","TestPaymentCheck","test_payment_api","",""
"","695","test_name_overlong_422","tests.api","Wed Jul 08 01:27:33 UTC 2026","passed","Wed Jul 08 01:27:34 UTC 2026","TestCategoryBoundaryGaps","test_category_api","",""
"","2142","test_quantity_negative","tests.api","Wed Jul 08 01:26:10 UTC 2026","passed","Wed Jul 08 01:26:13 UTC 2026","TestAddItem","test_cart_api","",""
"实测：空文件（0 字节）是唯一被允许的上传类型。","703","test_attach_empty_file","tests.api","Wed Jul 08 01:28:19 UTC 2026","passed","Wed Jul 08 01:28:20 UTC 2026","TestAttachFile","test_contact_api","",""
"","0","test_get_invoice_200","tests.api","Wed Jul 08 01:30:39 UTC 2026","skipped","Wed Jul 08 01:30:39 UTC 2026","TestGetInvoice","test_invoice_api","",""
"","723","test_empty_body_422","tests.api","Wed Jul 08 01:33:48 UTC 2026","passed","Wed Jul 08 01:33:49 UTC 2026","TestCreateProduct","test_product_api","",""
"被删除用户的资源再次访问 → 404。","3319","test_get_deleted_user_returns_404","tests.api","Wed Jul 08 01:38:16 UTC 2026","passed","Wed Jul 08 01:38:19 UTC 2026","TestPrivilegeEscalation","test_user_api","",""
"","711","test_patch_nonexistent_404","tests.api","Wed Jul 08 01:34:12 UTC 2026","passed","Wed Jul 08 01:34:12 UTC 2026","TestPatchProduct","test_product_api","",""
"","735","test_customers_by_country_200","tests.api","Wed Jul 08 01:35:25 UTC 2026","passed","Wed Jul 08 01:35:26 UTC 2026","TestCustomersByCountry","test_report_api","",""
"","707","test_product_id_null_422","tests.api","Wed Jul 08 01:28:41 UTC 2026","passed","Wed Jul 08 01:28:42 UTC 2026","TestAddFavorite","test_favorite_api","",""
"","700","test_status_lowercase_422","tests.api","Wed Jul 08 01:28:16 UTC 2026","passed","Wed Jul 08 01:28:17 UTC 2026","TestUpdateStatus","test_contact_api","",""
"","719","test_bank_missing_account_number","tests.api","Wed Jul 08 01:31:51 UTC 2026","passed","Wed Jul 08 01:31:51 UTC 2026","TestInvoiceBoundary","test_invoice_api","",""
"","776","test_year_empty","tests.api","Wed Jul 08 01:35:20 UTC 2026","passed","Wed Jul 08 01:35:21 UTC 2026","TestAverageSalesPerMonth","test_report_api","",""
"","738","test_put_nonexistent_user","tests.api","Wed Jul 08 01:37:12 UTC 2026","passed","Wed Jul 08 01:37:13 UTC 2026","TestPutUser","test_user_api","",""
"","729","test_search_no_query","tests.api","Wed Jul 08 01:27:11 UTC 2026","passed","Wed Jul 08 01:27:12 UTC 2026","TestSearchCategories","test_category_api","",""
"","715","test_cc_missing_expiration","tests.api","Wed Jul 08 01:31:56 UTC 2026","passed","Wed Jul 08 01:31:57 UTC 2026","TestInvoiceBoundary","test_invoice_api","",""
"","725","test_missing_spec_name_422","tests.api","Wed Jul 08 01:34:32 UTC 2026","passed","Wed Jul 08 01:34:33 UTC 2026","TestAddSpec","test_product_spec_api","",""
"","738","test_years_empty","tests.api","Wed Jul 08 01:35:15 UTC 2026","passed","Wed Jul 08 01:35:15 UTC 2026","TestTotalSalesOfYears","test_report_api","",""
"","3244","test_delete_self","tests.api","Wed Jul 08 01:37:27 UTC 2026","passed","Wed Jul 08 01:37:31 UTC 2026","TestDeleteUser","test_user_api","",""
"","827","test_get_messages_page_1_200","tests.api","Wed Jul 08 01:27:54 UTC 2026","passed","Wed Jul 08 01:27:55 UTC 2026","TestGetMessages","test_contact_api","",""
"","714","test_list_page_1","tests.api","Wed Jul 08 01:37:32 UTC 2026","passed","Wed Jul 08 01:37:32 UTC 2026","TestUserList","test_user_api","",""
"实测：回复留言返回 201 Created。","740","test_reply_message_201","tests.api","Wed Jul 08 01:28:02 UTC 2026","passed","Wed Jul 08 01:28:03 UTC 2026","TestReplyMessage","test_contact_api","",""
"实测：name 为可选字段，null 等同于不传，返回 200。","784","test_name_null","tests.api","Wed Jul 08 01:27:50 UTC 2026","passed","Wed Jul 08 01:27:51 UTC 2026","TestSendMessage","test_contact_api","",""
"","4485","test_delete_favorite_204","tests.api","Wed Jul 08 01:28:51 UTC 2026","passed","Wed Jul 08 01:28:56 UTC 2026","TestDeleteFavorite","test_favorite_api","",""
"实测：不存在的 message 返回 200（空数据）而非 404。","734","test_get_nonexistent_message_200","tests.api","Wed Jul 08 01:28:01 UTC 2026","passed","Wed Jul 08 01:28:02 UTC 2026","TestGetMessage","test_contact_api","",""
"","925","test_oversized_request","tests.api","Wed Jul 08 01:33:07 UTC 2026","passed","Wed Jul 08 01:33:08 UTC 2026","TestPaymentCheck","test_payment_api","",""
"","716","test_download_unauthenticated","tests.api","Wed Jul 08 01:31:28 UTC 2026","passed","Wed Jul 08 01:31:29 UTC 2026","TestPdf","test_invoice_api","",""
"","713","test_search_special_chars","tests.api","Wed Jul 08 01:37:36 UTC 2026","passed","Wed Jul 08 01:37:36 UTC 2026","TestSearchUsers","test_user_api","",""
"","738","test_put_missing_address_422","tests.api","Wed Jul 08 01:37:09 UTC 2026","passed","Wed Jul 08 01:37:10 UTC 2026","TestPutUser","test_user_api","",""
"","718","test_update_nonexistent_spec","tests.api","Wed Jul 08 01:34:52 UTC 2026","passed","Wed Jul 08 01:34:52 UTC 2026","TestUpdateSpec","test_product_spec_api","",""
"","715","test_get_messages_200","tests.api","Wed Jul 08 01:27:53 UTC 2026","passed","Wed Jul 08 01:27:54 UTC 2026","TestGetMessages","test_contact_api","",""
"","939","test_mismatch_confirmation_422","tests.api","Wed Jul 08 01:37:49 UTC 2026","passed","Wed Jul 08 01:37:50 UTC 2026","TestChangePassword","test_user_api","",""
"","754","test_refresh_success","tests.api","Wed Jul 08 01:38:00 UTC 2026","passed","Wed Jul 08 01:38:01 UTC 2026","TestRefreshToken","test_user_api","",""
"","731","test_name_121_chars_422","tests.api","Wed Jul 08 01:27:38 UTC 2026","passed","Wed Jul 08 01:27:39 UTC 2026","TestSendMessage","test_contact_api","",""
"","731","test_missing_brand_id","tests.api","Wed Jul 08 01:33:56 UTC 2026","passed","Wed Jul 08 01:33:56 UTC 2026","TestCreateProduct","test_product_api","",""
"","710","test_get_nonexistent_user_404","tests.api","Wed Jul 08 01:37:00 UTC 2026","passed","Wed Jul 08 01:37:01 UTC 2026","TestGetUser","test_user_api","",""
"过期 token 验证 TOTP → 401。","740","test_token_expired_verify","tests.api","Wed Jul 08 01:36:11 UTC 2026","passed","Wed Jul 08 01:36:12 UTC 2026","TestTOTPDefense","test_totp_api","",""
"","2137","test_quantity_string_422","tests.api","Wed Jul 08 01:26:15 UTC 2026","passed","Wed Jul 08 01:26:17 UTC 2026","TestAddItem","test_cart_api","",""
"","728","test_delete_unauthenticated_401","tests.api","Wed Jul 08 01:34:23 UTC 2026","passed","Wed Jul 08 01:34:23 UTC 2026","TestProductAuth","test_product_api","",""
"","727","test_get_existing_user","tests.api","Wed Jul 08 01:36:59 UTC 2026","passed","Wed Jul 08 01:37:00 UTC 2026","TestGetUser","test_user_api","",""
"","768","test_unauthorized_401","tests.api","Wed Jul 08 01:35:12 UTC 2026","passed","Wed Jul 08 01:35:12 UTC 2026","TestTotalSalesOfYears","test_report_api","",""
"","708","test_status_unauthenticated","tests.api","Wed Jul 08 01:31:26 UTC 2026","passed","Wed Jul 08 01:31:27 UTC 2026","TestUpdateStatus","test_invoice_api","",""
"","718","test_delete_unauthenticated_401","tests.api","Wed Jul 08 01:25:57 UTC 2026","passed","Wed Jul 08 01:25:57 UTC 2026","TestBrandAuthGaps","test_brand_api","",""
"","716","test_put_nonexistent_404","tests.api","Wed Jul 08 01:27:14 UTC 2026","passed","Wed Jul 08 01:27:14 UTC 2026","TestPutCategory","test_category_api","",""
"","703","test_gift_card_number_with_spaces","tests.api","Wed Jul 08 01:32:35 UTC 2026","passed","Wed Jul 08 01:32:36 UTC 2026","TestPaymentCheck","test_payment_api","",""
"","725","test_patch_unauthenticated_401","tests.api","Wed Jul 08 01:25:55 UTC 2026","passed","Wed Jul 08 01:25:56 UTC 2026","TestBrandAuth","test_brand_api","",""
"","0","test_status_awaiting_shipment","tests.api","Wed Jul 08 01:32:03 UTC 2026","skipped","Wed Jul 08 01:32:03 UTC 2026","TestStatusEnum","test_invoice_api","",""
"","795","test_verify_access_token_random_400","tests.api","Wed Jul 08 01:36:07 UTC 2026","passed","Wed Jul 08 01:36:08 UTC 2026","TestVerifyTOTP","test_totp_api","",""
"","920","test_post_images_405","tests.api","Wed Jul 08 01:29:13 UTC 2026","passed","Wed Jul 08 01:29:14 UTC 2026","TestGetImages","test_image_api","",""
"","812","test_wrong_password_401","tests.api","Wed Jul 08 01:36:40 UTC 2026","passed","Wed Jul 08 01:36:40 UTC 2026","TestLogin","test_user_api","",""
"","699","test_put_unauthenticated_401","tests.api","Wed Jul 08 01:37:07 UTC 2026","passed","Wed Jul 08 01:37:07 UTC 2026","TestPutUser","test_user_api","",""
"","718","test_filter_by_brand","tests.api","Wed Jul 08 01:33:28 UTC 2026","passed","Wed Jul 08 01:33:29 UTC 2026","TestGetProducts","test_product_api","",""
"","709","test_page_huge_number","tests.api","Wed Jul 08 01:27:58 UTC 2026","passed","Wed Jul 08 01:27:58 UTC 2026","TestGetMessages","test_contact_api","",""
"","726","test_validation_code_5_digits","tests.api","Wed Jul 08 01:32:37 UTC 2026","passed","Wed Jul 08 01:32:38 UTC 2026","TestPaymentCheck","test_payment_api","",""
"","731","test_page_zero","tests.api","Wed Jul 08 01:33:32 UTC 2026","passed","Wed Jul 08 01:33:33 UTC 2026","TestGetProducts","test_product_api","",""
"","718","test_remove_from_nonexistent_cart","tests.api","Wed Jul 08 01:26:43 UTC 2026","passed","Wed Jul 08 01:26:44 UTC 2026","TestRemoveItem","test_cart_api","",""
"","0","test_status_shipped","tests.api","Wed Jul 08 01:31:26 UTC 2026","skipped","Wed Jul 08 01:31:26 UTC 2026","TestUpdateStatus","test_invoice_api","",""
"","716","test_message_null","tests.api","Wed Jul 08 01:27:52 UTC 2026","passed","Wed Jul 08 01:27:52 UTC 2026","TestSendMessage","test_contact_api","",""
"","709","test_related","tests.api","Wed Jul 08 01:33:38 UTC 2026","passed","Wed Jul 08 01:33:39 UTC 2026","TestRelatedProducts","test_product_api","",""
"","708","test_get_categories_200","tests.api","Wed Jul 08 01:26:57 UTC 2026","passed","Wed Jul 08 01:26:58 UTC 2026","TestGetCategories","test_category_api","",""
"","751","test_add_spec_full_201","tests.api","Wed Jul 08 01:34:31 UTC 2026","passed","Wed Jul 08 01:34:32 UTC 2026","TestAddSpec","test_product_spec_api","",""
"","810","test_wrong_current_password","tests.api","Wed Jul 08 01:37:45 UTC 2026","passed","Wed Jul 08 01:37:46 UTC 2026","TestChangePassword","test_user_api","",""
"用户 B 删除用户 A 的收藏：实测 DELETE 幂等返回 204。","2405","test_cross_user_delete_favorite","tests.api","Wed Jul 08 01:29:05 UTC 2026","passed","Wed Jul 08 01:29:08 UTC 2026","TestFavoriteDefense","test_favorite_api","",""
"","726","test_get_me_unauthenticated_401","tests.api","Wed Jul 08 01:36:48 UTC 2026","passed","Wed Jul 08 01:36:49 UTC 2026","TestGetMe","test_user_api","",""
"","704","test_setup_unauthorized_401","tests.api","Wed Jul 08 01:35:30 UTC 2026","passed","Wed Jul 08 01:35:31 UTC 2026","TestSetupTOTP","test_totp_api","",""
"","722","test_sort_invalid","tests.api","Wed Jul 08 01:34:19 UTC 2026","passed","Wed Jul 08 01:34:20 UTC 2026","TestProductQueryBoundary","test_product_api","",""
"","1456","test_unauthorized_401","tests.api","Wed Jul 08 01:28:33 UTC 2026","passed","Wed Jul 08 01:28:34 UTC 2026","TestAddFavorite","test_favorite_api","",""
"","700","test_postcode_empty_422","tests.api","Wed Jul 08 01:33:14 UTC 2026","passed","Wed Jul 08 01:33:15 UTC 2026","TestPostcodeLookup","test_postcode_api","",""
"","815","test_post_method_405","tests.api","Wed Jul 08 01:35:27 UTC 2026","passed","Wed Jul 08 01:35:27 UTC 2026","TestReportMethodNotAllowed","test_report_api","",""
"","2160","test_extra_field","tests.api","Wed Jul 08 01:28:42 UTC 2026","passed","Wed Jul 08 01:28:44 UTC 2026","TestAddFavorite","test_favorite_api","",""
"","806","test_email_too_long","tests.api","Wed Jul 08 01:36:24 UTC 2026","passed","Wed Jul 08 01:36:25 UTC 2026","TestRegister","test_user_api","",""
"","737","test_missing_email_404","tests.api","Wed Jul 08 01:37:37 UTC 2026","passed","Wed Jul 08 01:37:38 UTC 2026","TestForgotPassword","test_user_api","",""
"","740","test_verify_access_token_empty_400","tests.api","Wed Jul 08 01:36:06 UTC 2026","passed","Wed Jul 08 01:36:07 UTC 2026","TestVerifyTOTP","test_totp_api","",""
"API 不校验 payment_details 嵌套深度，返回 200。","687","test_deeply_nested_details","tests.api","Wed Jul 08 01:33:06 UTC 2026","passed","Wed Jul 08 01:33:07 UTC 2026","TestPaymentCheck","test_payment_api","",""
"","702","test_status_in_progress_200","tests.api","Wed Jul 08 01:28:08 UTC 2026","passed","Wed Jul 08 01:28:09 UTC 2026","TestUpdateStatus","test_contact_api","",""
"","796","test_unauthorized_401","tests.api","Wed Jul 08 01:35:26 UTC 2026","passed","Wed Jul 08 01:35:27 UTC 2026","TestCustomersByCountry","test_report_api","",""
"","733","test_house_number_special_chars","tests.api","Wed Jul 08 01:33:22 UTC 2026","passed","Wed Jul 08 01:33:23 UTC 2026","TestPostcodeLookup","test_postcode_api","",""
"","725","test_search_no_hit","tests.api","Wed Jul 08 01:33:34 UTC 2026","passed","Wed Jul 08 01:33:34 UTC 2026","TestSearchProducts","test_product_api","",""
"","745","test_special_char_user_id","tests.api","Wed Jul 08 01:37:01 UTC 2026","passed","Wed Jul 08 01:37:01 UTC 2026","TestGetUser","test_user_api","",""
"","943","test_register_duplicate_email_409","tests.api","Wed Jul 08 01:36:14 UTC 2026","passed","Wed Jul 08 01:36:15 UTC 2026","TestRegister","test_user_api","",""
"","750","test_verify_valid_code_200","tests.api","Wed Jul 08 01:35:56 UTC 2026","passed","Wed Jul 08 01:35:57 UTC 2026","TestVerifyTOTP","test_totp_api","",""
"","2186","test_put_slug_conflict_409","tests.api","Wed Jul 08 01:25:52 UTC 2026","passed","Wed Jul 08 01:25:54 UTC 2026","TestBrandAuth","test_brand_api","",""
"","798","test_payment_details_null_422","tests.api","Wed Jul 08 01:32:21 UTC 2026","passed","Wed Jul 08 01:32:22 UTC 2026","TestPaymentCheck","test_payment_api","",""
"","718","test_house_number_long_numeric","tests.api","Wed Jul 08 01:33:25 UTC 2026","passed","Wed Jul 08 01:33:26 UTC 2026","TestPostcodeLookup","test_postcode_api","",""
"","705","test_empty_body_422","tests.api","Wed Jul 08 01:25:32 UTC 2026","passed","Wed Jul 08 01:25:33 UTC 2026","TestCreateBrand","test_brand_api","",""
"","714","test_update_empty_body_200","tests.api","Wed Jul 08 01:34:49 UTC 2026","passed","Wed Jul 08 01:34:49 UTC 2026","TestUpdateSpec","test_product_spec_api","",""
"","705","test_gift_card_200","tests.api","Wed Jul 08 01:32:17 UTC 2026","passed","Wed Jul 08 01:32:17 UTC 2026","TestPaymentCheck","test_payment_api","",""
"","691","test_credit_card_number_alpha_422","tests.api","Wed Jul 08 01:32:27 UTC 2026","passed","Wed Jul 08 01:32:28 UTC 2026","TestPaymentCheck","test_payment_api","",""
"","727","test_page_zero","tests.api","Wed Jul 08 01:29:17 UTC 2026","passed","Wed Jul 08 01:29:18 UTC 2026","TestGetInvoices","test_invoice_api","",""
"","788","test_empty_id","tests.api","Wed Jul 08 01:25:35 UTC 2026","passed","Wed Jul 08 01:25:36 UTC 2026","TestGetBrand","test_brand_api","",""
"","744","test_post_unauthenticated_401","tests.api","Wed Jul 08 01:25:56 UTC 2026","passed","Wed Jul 08 01:25:57 UTC 2026","TestBrandAuthGaps","test_brand_api","",""
"","2876","test_update_quantity_200","tests.api","Wed Jul 08 01:26:25 UTC 2026","passed","Wed Jul 08 01:26:28 UTC 2026","TestUpdateQuantity","test_cart_api","",""
"","709","test_password_no_symbol_422","tests.api","Wed Jul 08 01:36:19 UTC 2026","passed","Wed Jul 08 01:36:20 UTC 2026","TestRegister","test_user_api","",""
"","753","test_bnpl_missing_installments","tests.api","Wed Jul 08 01:32:02 UTC 2026","passed","Wed Jul 08 01:32:03 UTC 2026","TestInvoiceBoundary","test_invoice_api","",""
"","1450","test_get_tree_by_id_200","tests.api","Wed Jul 08 01:27:07 UTC 2026","passed","Wed Jul 08 01:27:09 UTC 2026","TestGetCategoryTreeById","test_category_api","",""
"","1467","test_add_to_nonexistent_cart","tests.api","Wed Jul 08 01:26:07 UTC 2026","passed","Wed Jul 08 01:26:08 UTC 2026","TestAddItem","test_cart_api","",""
"","2127","test_delete_twice","tests.api","Wed Jul 08 01:26:47 UTC 2026","passed","Wed Jul 08 01:26:49 UTC 2026","TestDeleteCart","test_cart_api","",""
"","692","test_missing_slug_422","tests.api","Wed Jul 08 01:25:30 UTC 2026","passed","Wed Jul 08 01:25:30 UTC 2026","TestCreateBrand","test_brand_api","",""
"","695","test_postcode_special_only_422","tests.api","Wed Jul 08 01:33:21 UTC 2026","passed","Wed Jul 08 01:33:21 UTC 2026","TestPostcodeLookup","test_postcode_api","",""
"","719","test_country_1_char","tests.api","Wed Jul 08 01:33:15 UTC 2026","passed","Wed Jul 08 01:33:16 UTC 2026","TestPostcodeLookup","test_postcode_api","",""
"","709","test_search_hit","tests.api","Wed Jul 08 01:27:09 UTC 2026","passed","Wed Jul 08 01:27:10 UTC 2026","TestSearchCategories","test_category_api","",""
"Token 过期后修改密码——不污染 authenticated_user 夹具。","1606","test_token_expired_change_password","tests.api","Wed Jul 08 01:38:22 UTC 2026","passed","Wed Jul 08 01:38:23 UTC 2026","TestPrivilegeEscalation","test_user_api","",""
"","721","test_get_images_200","tests.api","Wed Jul 08 01:29:12 UTC 2026","passed","Wed Jul 08 01:29:13 UTC 2026","TestGetImages","test_image_api","",""
"","733","test_send_required_only_200","tests.api","Wed Jul 08 01:27:35 UTC 2026","passed","Wed Jul 08 01:27:36 UTC 2026","TestSendMessage","test_contact_api","",""
"","699","test_search_no_hit","tests.api","Wed Jul 08 01:27:10 UTC 2026","passed","Wed Jul 08 01:27:11 UTC 2026","TestSearchCategories","test_category_api","",""
"","742","test_search_no_query","tests.api","Wed Jul 08 01:25:49 UTC 2026","passed","Wed Jul 08 01:25:49 UTC 2026","TestSearchBrands","test_brand_api","",""
"","699","test_installments_empty_422","tests.api","Wed Jul 08 01:32:42 UTC 2026","passed","Wed Jul 08 01:32:43 UTC 2026","TestPaymentCheck","test_payment_api","",""
"","713","test_post_unauthenticated_401","tests.api","Wed Jul 08 01:27:32 UTC 2026","passed","Wed Jul 08 01:27:32 UTC 2026","TestCategoryAuthGaps","test_category_api","",""
"","700","test_status_empty_422","tests.api","Wed Jul 08 01:28:15 UTC 2026","passed","Wed Jul 08 01:28:16 UTC 2026","TestUpdateStatus","test_contact_api","",""
"","703","test_structure_valid","tests.api","Wed Jul 08 01:25:28 UTC 2026","passed","Wed Jul 08 01:25:28 UTC 2026","TestGetBrands","test_brand_api","",""
"","819","test_street_too_long_422","tests.api","Wed Jul 08 01:36:28 UTC 2026","passed","Wed Jul 08 01:36:28 UTC 2026","TestRegister","test_user_api","",""
"","742","test_get_favorite_200","tests.api","Wed Jul 08 01:28:47 UTC 2026","passed","Wed Jul 08 01:28:47 UTC 2026","TestGetFavorite","test_favorite_api","",""
"","2190","test_delete_twice","tests.api","Wed Jul 08 01:25:45 UTC 2026","passed","Wed Jul 08 01:25:47 UTC 2026","TestDeleteBrand","test_brand_api","",""
"","705","test_slug_with_spaces_422","tests.api","Wed Jul 08 01:27:22 UTC 2026","passed","Wed Jul 08 01:27:22 UTC 2026","TestCategoryBoundary","test_category_api","",""
"","712","test_filter_is_rental","tests.api","Wed Jul 08 01:33:29 UTC 2026","passed","Wed Jul 08 01:33:30 UTC 2026","TestGetProducts","test_product_api","",""
"","706","test_missing_price_422","tests.api","Wed Jul 08 01:33:43 UTC 2026","passed","Wed Jul 08 01:33:44 UTC 2026","TestCreateProduct","test_product_api","",""
"用户 A 创建订单，用户 B 尝试查看 → 403 或 404。","2993","test_user_a_view_user_b_invoice","tests.api","Wed Jul 08 01:32:03 UTC 2026","skipped","Wed Jul 08 01:32:06 UTC 2026","TestPrivilegeEscalation","test_invoice_api","",""
"","705","test_spec_name_overlong_422","tests.api","Wed Jul 08 01:34:37 UTC 2026","passed","Wed Jul 08 01:34:38 UTC 2026","TestAddSpec","test_product_spec_api","",""
"","3662","test_put_success","tests.api","Wed Jul 08 01:34:04 UTC 2026","passed","Wed Jul 08 01:34:07 UTC 2026","TestPutProduct","test_product_api","",""
"","735","test_page_zero","tests.api","Wed Jul 08 01:27:55 UTC 2026","passed","Wed Jul 08 01:27:56 UTC 2026","TestGetMessages","test_contact_api","",""
"","783","test_price_zero","tests.api","Wed Jul 08 01:33:50 UTC 2026","passed","Wed Jul 08 01:33:51 UTC 2026","TestCreateProduct","test_product_api","",""
"","789","test_delete_unauthorized_401","tests.api","Wed Jul 08 01:28:56 UTC 2026","passed","Wed Jul 08 01:28:56 UTC 2026","TestDeleteFavorite","test_favorite_api","",""
"","861","test_missing_last_name_422","tests.api","Wed Jul 08 01:36:16 UTC 2026","passed","Wed Jul 08 01:36:16 UTC 2026","TestRegister","test_user_api","",""
"","705","test_get_unauthenticated_401","tests.api","Wed Jul 08 01:30:51 UTC 2026","passed","Wed Jul 08 01:30:52 UTC 2026","TestGetInvoice","test_invoice_api","",""
"","721","test_billing_country_too_long","tests.api","Wed Jul 08 01:31:48 UTC 2026","passed","Wed Jul 08 01:31:49 UTC 2026","TestInvoiceBoundary","test_invoice_api","",""
"","818","test_missing_password_401","tests.api","Wed Jul 08 01:36:42 UTC 2026","passed","Wed Jul 08 01:36:43 UTC 2026","TestLogin","test_user_api","",""
"","923","test_register_with_phone_201","tests.api","Wed Jul 08 01:36:25 UTC 2026","passed","Wed Jul 08 01:36:26 UTC 2026","TestRegister","test_user_api","",""
"","1047","test_status_nonexistent_404","tests.api","Wed Jul 08 01:28:12 UTC 2026","passed","Wed Jul 08 01:28:13 UTC 2026","TestUpdateStatus","test_contact_api","",""
"用户 B 查看用户 A 的收藏：实测 API 不校验所有权，返回 200。","2498","test_cross_user_get_favorite","tests.api","Wed Jul 08 01:29:03 UTC 2026","passed","Wed Jul 08 01:29:05 UTC 2026","TestFavoriteDefense","test_favorite_api","",""
"","714","test_password_too_short_422","tests.api","Wed Jul 08 01:36:18 UTC 2026","passed","Wed Jul 08 01:36:19 UTC 2026","TestRegister","test_user_api","",""
"","762","test_create_guest","tests.api","Wed Jul 08 01:29:59 UTC 2026","passed","Wed Jul 08 01:30:00 UTC 2026","TestGuestInvoice","test_invoice_api","",""
"","0","test_status_message_too_long","tests.api","Wed Jul 08 01:31:27 UTC 2026","skipped","Wed Jul 08 01:31:27 UTC 2026","TestUpdateStatus","test_invoice_api","",""
"","728","test_credit_card_number_too_short_422","tests.api","Wed Jul 08 01:32:30 UTC 2026","passed","Wed Jul 08 01:32:31 UTC 2026","TestPaymentCheck","test_payment_api","",""
"实测：重复删除返回 204（幂等）。","2205","test_delete_already_deleted_204","tests.api","Wed Jul 08 01:34:58 UTC 2026","passed","Wed Jul 08 01:35:00 UTC 2026","TestSpecBoundary","test_product_spec_api","",""
"","799","test_setup_totp_200","tests.api","Wed Jul 08 01:35:29 UTC 2026","passed","Wed Jul 08 01:35:30 UTC 2026","TestSetupTOTP","test_totp_api","",""
"","702","test_get_favorite_unauthorized_401","tests.api","Wed Jul 08 01:28:47 UTC 2026","passed","Wed Jul 08 01:28:48 UTC 2026","TestGetFavorite","test_favorite_api","",""
"","728","test_billing_state_too_long","tests.api","Wed Jul 08 01:31:45 UTC 2026","passed","Wed Jul 08 01:31:46 UTC 2026","TestInvoiceBoundary","test_invoice_api","",""
"","730","test_create_credit_card","tests.api","Wed Jul 08 01:29:23 UTC 2026","passed","Wed Jul 08 01:29:24 UTC 2026","TestCreateInvoice","test_invoice_api","",""
"","1442","test_patch_single_field","tests.api","Wed Jul 08 01:37:16 UTC 2026","passed","Wed Jul 08 01:37:17 UTC 2026","TestPatchUser","test_user_api","",""
"","2138","test_delete_twice","tests.api","Wed Jul 08 01:27:20 UTC 2026","passed","Wed Jul 08 01:27:22 UTC 2026","TestDeleteCategory","test_category_api","",""
"","705","test_card_holder_name_empty_422","tests.api","Wed Jul 08 01:32:30 UTC 2026","passed","Wed Jul 08 01:32:30 UTC 2026","TestPaymentCheck","test_payment_api","",""
"16位连写（无连字符）的卡号格式。","705","test_credit_card_number_no_dashes","tests.api","Wed Jul 08 01:32:33 UTC 2026","passed","Wed Jul 08 01:32:34 UTC 2026","TestPaymentCheck","test_payment_api","",""
"","720","test_email_no_domain_422","tests.api","Wed Jul 08 01:27:41 UTC 2026","passed","Wed Jul 08 01:27:42 UTC 2026","TestSendMessage","test_contact_api","",""
"实测：删除不存在的收藏返回 204（幂等）。","714","test_delete_nonexistent_204","tests.api","Wed Jul 08 01:28:56 UTC 2026","passed","Wed Jul 08 01:28:57 UTC 2026","TestDeleteFavorite","test_favorite_api","",""
"","734","test_refresh_unauthenticated","tests.api","Wed Jul 08 01:38:02 UTC 2026","passed","Wed Jul 08 01:38:03 UTC 2026","TestRefreshToken","test_user_api","",""
"","718","test_lookup_full_params_200","tests.api","Wed Jul 08 01:33:08 UTC 2026","passed","Wed Jul 08 01:33:09 UTC 2026","TestPostcodeLookup","test_postcode_api","",""
"","702","test_delete_nonexistent_404","tests.api","Wed Jul 08 01:26:46 UTC 2026","passed","Wed Jul 08 01:26:47 UTC 2026","TestDeleteCart","test_cart_api","",""
"","733","test_total_sales_per_country_200","tests.api","Wed Jul 08 01:35:06 UTC 2026","passed","Wed Jul 08 01:35:06 UTC 2026","TestTotalSalesPerCountry","test_report_api","",""
"","702","test_put_unauthenticated_401","tests.api","Wed Jul 08 01:25:54 UTC 2026","passed","Wed Jul 08 01:25:55 UTC 2026","TestBrandAuth","test_brand_api","",""
"","733","test_put_nonexistent_404","tests.api","Wed Jul 08 01:25:38 UTC 2026","passed","Wed Jul 08 01:25:39 UTC 2026","TestPutBrand","test_brand_api","",""
"","702","test_bank_transfer_whitespace_422","tests.api","Wed Jul 08 01:32:26 UTC 2026","passed","Wed Jul 08 01:32:27 UTC 2026","TestPaymentCheck","test_payment_api","",""
"","863","test_verify_totp_3_digits_400","tests.api","Wed Jul 08 01:36:00 UTC 2026","passed","Wed Jul 08 01:36:01 UTC 2026","TestVerifyTOTP","test_totp_api","",""
"","723","test_get_specs_200","tests.api","Wed Jul 08 01:34:28 UTC 2026","passed","Wed Jul 08 01:34:29 UTC 2026","TestGetSpecs","test_product_spec_api","",""
"","711","test_slug_with_spaces_422","tests.api","Wed Jul 08 01:25:49 UTC 2026","passed","Wed Jul 08 01:25:50 UTC 2026","TestBrandBoundary","test_brand_api","",""
"","685","test_create_bank_transfer","tests.api","Wed Jul 08 01:29:20 UTC 2026","passed","Wed Jul 08 01:29:21 UTC 2026","TestCreateInvoice","test_invoice_api","",""
"过期卡：expiration_date 早于当前日期时 API 返回 422。","742","test_expired_card","tests.api","Wed Jul 08 01:32:31 UTC 2026","passed","Wed Jul 08 01:32:32 UTC 2026","TestPaymentCheck","test_payment_api","",""
"","703","test_buy_now_pay_later_200","tests.api","Wed Jul 08 01:32:17 UTC 2026","passed","Wed Jul 08 01:32:18 UTC 2026","TestPaymentCheck","test_payment_api","",""
"","772","test_verify_totp_alpha_400","tests.api","Wed Jul 08 01:36:03 UTC 2026","passed","Wed Jul 08 01:36:04 UTC 2026","TestVerifyTOTP","test_totp_api","",""
"","749","test_put_unauthenticated_401","tests.api","Wed Jul 08 01:30:52 UTC 2026","passed","Wed Jul 08 01:30:53 UTC 2026","TestPutInvoice","test_invoice_api","",""
"","4651","test_delete_already_deleted","tests.api","Wed Jul 08 01:28:57 UTC 2026","passed","Wed Jul 08 01:29:02 UTC 2026","TestDeleteFavorite","test_favorite_api","",""
"","821","test_year_min_value","tests.api","Wed Jul 08 01:35:24 UTC 2026","passed","Wed Jul 08 01:35:25 UTC 2026","TestAverageSalesPerWeek","test_report_api","",""
"","720","test_create_bnpl","tests.api","Wed Jul 08 01:29:32 UTC 2026","passed","Wed Jul 08 01:29:33 UTC 2026","TestCreateInvoice","test_invoice_api","",""
"","693","test_country_numeric","tests.api","Wed Jul 08 01:33:17 UTC 2026","passed","Wed Jul 08 01:33:18 UTC 2026","TestPostcodeLookup","test_postcode_api","",""
"","826","test_last_name_too_long_422","tests.api","Wed Jul 08 01:36:24 UTC 2026","passed","Wed Jul 08 01:36:24 UTC 2026","TestRegister","test_user_api","",""
"","716","test_update_value_empty","tests.api","Wed Jul 08 01:34:51 UTC 2026","passed","Wed Jul 08 01:34:52 UTC 2026","TestUpdateSpec","test_product_spec_api","",""
"实测：API 不校验 email 长度，257 字符仍返回 200。","740","test_email_257_chars_200","tests.api","Wed Jul 08 01:27:40 UTC 2026","passed","Wed Jul 08 01:27:41 UTC 2026","TestSendMessage","test_contact_api","",""
"","704","test_country_empty_422","tests.api","Wed Jul 08 01:33:14 UTC 2026","passed","Wed Jul 08 01:33:14 UTC 2026","TestPostcodeLookup","test_postcode_api","",""
"","713","test_empty_body","tests.api","Wed Jul 08 01:33:04 UTC 2026","passed","Wed Jul 08 01:33:05 UTC 2026","TestPaymentCheck","test_payment_api","",""
"","710","test_search_no_hit","tests.api","Wed Jul 08 01:25:48 UTC 2026","passed","Wed Jul 08 01:25:49 UTC 2026","TestSearchBrands","test_brand_api","",""
"实测：DELETE 不校验 spec_id 格式，返回 204（幂等）。","724","test_spec_id_injection_delete","tests.api","Wed Jul 08 01:34:57 UTC 2026","passed","Wed Jul 08 01:34:58 UTC 2026","TestSpecBoundary","test_product_spec_api","",""
"","716","test_lookup_without_house_number_200","tests.api","Wed Jul 08 01:33:09 UTC 2026","passed","Wed Jul 08 01:33:10 UTC 2026","TestPostcodeLookup","test_postcode_api","",""
"","2250","test_put_slug_conflict_409","tests.api","Wed Jul 08 01:27:28 UTC 2026","passed","Wed Jul 08 01:27:30 UTC 2026","TestCategoryBoundary","test_category_api","",""
"","718","test_name_empty_string_422","tests.api","Wed Jul 08 01:25:51 UTC 2026","passed","Wed Jul 08 01:25:52 UTC 2026","TestBrandBoundary","test_brand_api","",""
"","779","test_pdf_status_nonexistent","tests.api","Wed Jul 08 01:31:29 UTC 2026","passed","Wed Jul 08 01:31:29 UTC 2026","TestPdf","test_invoice_api","",""
"","724","test_co2_rating_invalid","tests.api","Wed Jul 08 01:33:59 UTC 2026","passed","Wed Jul 08 01:33:59 UTC 2026","TestCreateProduct","test_product_api","",""
"","723","test_empty_body_401","tests.api","Wed Jul 08 01:36:43 UTC 2026","passed","Wed Jul 08 01:36:43 UTC 2026","TestLogin","test_user_api","",""
"API 不校验空 method。","718","test_payment_method_empty_200","tests.api","Wed Jul 08 01:32:23 UTC 2026","passed","Wed Jul 08 01:32:24 UTC 2026","TestPaymentCheck","test_payment_api","",""
"","903","test_dob_over_75","tests.api","Wed Jul 08 01:36:22 UTC 2026","passed","Wed Jul 08 01:36:23 UTC 2026","TestRegister","test_user_api","",""
"","723","test_cvv_non_numeric_422","tests.api","Wed Jul 08 01:32:29 UTC 2026","passed","Wed Jul 08 01:32:30 UTC 2026","TestPaymentCheck","test_payment_api","",""
"","693","test_product_id_whitespace","tests.api","Wed Jul 08 01:28:39 UTC 2026","passed","Wed Jul 08 01:28:39 UTC 2026","TestAddFavorite","test_favorite_api","",""
"","738","test_extra_field","tests.api","Wed Jul 08 01:34:42 UTC 2026","passed","Wed Jul 08 01:34:43 UTC 2026","TestAddSpec","test_product_spec_api","",""
"","713","test_description_too_long","tests.api","Wed Jul 08 01:34:01 UTC 2026","passed","Wed Jul 08 01:34:02 UTC 2026","TestCreateProduct","test_product_api","",""
"","758","test_nonexistent_email_401","tests.api","Wed Jul 08 01:36:40 UTC 2026","passed","Wed Jul 08 01:36:41 UTC 2026","TestLogin","test_user_api","",""
"实测：API 不校验 page 类型，返回 200。","721","test_page_non_numeric_200","tests.api","Wed Jul 08 01:27:57 UTC 2026","passed","Wed Jul 08 01:27:58 UTC 2026","TestGetMessages","test_contact_api","",""
"","1457","test_delete_requires_auth","tests.api","Wed Jul 08 01:27:17 UTC 2026","passed","Wed Jul 08 01:27:19 UTC 2026","TestDeleteCategory","test_category_api","",""
"","797","test_email_invalid_format_401","tests.api","Wed Jul 08 01:36:44 UTC 2026","passed","Wed Jul 08 01:36:45 UTC 2026","TestLogin","test_user_api","",""
"","726","test_year_non_numeric","tests.api","Wed Jul 08 01:35:18 UTC 2026","passed","Wed Jul 08 01:35:19 UTC 2026","TestAverageSalesPerMonth","test_report_api","",""
"","800","test_put_unauthenticated_401","tests.api","Wed Jul 08 01:27:30 UTC 2026","passed","Wed Jul 08 01:27:31 UTC 2026","TestCategoryAuth","test_category_api","",""
"","804","test_get_tree_200","tests.api","Wed Jul 08 01:26:59 UTC 2026","passed","Wed Jul 08 01:27:00 UTC 2026","TestGetCategoryTree","test_category_api","",""
"","705","test_pdf_status_unauthenticated","tests.api","Wed Jul 08 01:31:29 UTC 2026","passed","Wed Jul 08 01:31:30 UTC 2026","TestPdf","test_invoice_api","",""
"DELETE favoriteId 为空字符串返回 404 或 405。","933","test_delete_favorite_id_empty","tests.api","Wed Jul 08 01:29:02 UTC 2026","passed","Wed Jul 08 01:29:03 UTC 2026","TestDeleteFavorite","test_favorite_api","",""
"","1550","test_parent_id_self_reference_422","tests.api","Wed Jul 08 01:27:24 UTC 2026","passed","Wed Jul 08 01:27:26 UTC 2026","TestCategoryBoundary","test_category_api","",""
"","2152","test_missing_quantity_422","tests.api","Wed Jul 08 01:26:03 UTC 2026","passed","Wed Jul 08 01:26:05 UTC 2026","TestAddItem","test_cart_api","",""
"","737","test_get_empty_id","tests.api","Wed Jul 08 01:33:37 UTC 2026","passed","Wed Jul 08 01:33:38 UTC 2026","TestGetProduct","test_product_api","",""
"","804","test_product_id_overlong","tests.api","Wed Jul 08 01:28:39 UTC 2026","passed","Wed Jul 08 01:28:40 UTC 2026","TestAddFavorite","test_favorite_api","",""
"","716","test_year_negative","tests.api","Wed Jul 08 01:35:19 UTC 2026","passed","Wed Jul 08 01:35:20 UTC 2026","TestAverageSalesPerMonth","test_report_api","",""
"","715","test_get_invoices","tests.api","Wed Jul 08 01:29:16 UTC 2026","passed","Wed Jul 08 01:29:16 UTC 2026","TestGetInvoices","test_invoice_api","",""
"","703","test_get_brands_200","tests.api","Wed Jul 08 01:25:27 UTC 2026","passed","Wed Jul 08 01:25:28 UTC 2026","TestGetBrands","test_brand_api","",""
"实测：reply subject 121 字符返回 201（同 send，120 限制可能不强制）。","710","test_reply_subject_121_chars","tests.api","Wed Jul 08 01:28:07 UTC 2026","passed","Wed Jul 08 01:28:08 UTC 2026","TestReplyMessage","test_contact_api","",""
"","722","test_patch_nonexistent","tests.api","Wed Jul 08 01:30:53 UTC 2026","passed","Wed Jul 08 01:30:54 UTC 2026","TestPatchInvoice","test_invoice_api","",""
"","693","test_subject_121_chars_422","tests.api","Wed Jul 08 01:27:43 UTC 2026","passed","Wed Jul 08 01:27:43 UTC 2026","TestSendMessage","test_contact_api","",""
"实测：特殊字符 product_id 被当作普通字符串返回 200（空数据）。","808","test_product_id_special_chars","tests.api","Wed Jul 08 01:34:56 UTC 2026","passed","Wed Jul 08 01:34:57 UTC 2026","TestSpecBoundary","test_product_spec_api","",""
"","746","test_verify_totp_7_digits_400","tests.api","Wed Jul 08 01:36:01 UTC 2026","passed","Wed Jul 08 01:36:02 UTC 2026","TestVerifyTOTP","test_totp_api","",""
"","797","test_spec_name_null_422","tests.api","Wed Jul 08 01:34:43 UTC 2026","passed","Wed Jul 08 01:34:44 UTC 2026","TestAddSpec","test_product_spec_api","",""
"","719","test_patch_nonexistent_user","tests.api","Wed Jul 08 01:37:21 UTC 2026","passed","Wed Jul 08 01:37:22 UTC 2026","TestPatchUser","test_user_api","",""
"","773","test_get_message_200","tests.api","Wed Jul 08 01:28:00 UTC 2026","passed","Wed Jul 08 01:28:01 UTC 2026","TestGetMessage","test_contact_api","",""
"","2273","test_upload_large_file","tests.api","Wed Jul 08 01:28:22 UTC 2026","passed","Wed Jul 08 01:28:24 UTC 2026","TestContactDefense","test_contact_api","",""
"","727","test_create_200","tests.api","Wed Jul 08 01:33:40 UTC 2026","passed","Wed Jul 08 01:33:41 UTC 2026","TestCreateProduct","test_product_api","",""
"","716","test_future_year_200","tests.api","Wed Jul 08 01:35:18 UTC 2026","passed","Wed Jul 08 01:35:18 UTC 2026","TestAverageSalesPerMonth","test_report_api","",""
"","715","test_postcode_overlong_422","tests.api","Wed Jul 08 01:33:19 UTC 2026","passed","Wed Jul 08 01:33:19 UTC 2026","TestPostcodeLookup","test_postcode_api","",""
"","723","test_price_huge","tests.api","Wed Jul 08 01:33:51 UTC 2026","passed","Wed Jul 08 01:33:52 UTC 2026","TestCreateProduct","test_product_api","",""
"","730","test_spec_name_whitespace_422","tests.api","Wed Jul 08 01:34:40 UTC 2026","passed","Wed Jul 08 01:34:41 UTC 2026","TestAddSpec","test_product_spec_api","",""
"","709","test_name_exact_120_chars_200","tests.api","Wed Jul 08 01:27:38 UTC 2026","passed","Wed Jul 08 01:27:38 UTC 2026","TestSendMessage","test_contact_api","",""
"","788","test_unauthorized_401","tests.api","Wed Jul 08 01:35:06 UTC 2026","passed","Wed Jul 08 01:35:07 UTC 2026","TestTotalSalesPerCountry","test_report_api","",""
"","737","test_xss_description","tests.api","Wed Jul 08 01:34:23 UTC 2026","passed","Wed Jul 08 01:34:24 UTC 2026","TestProductDefense","test_product_api","",""
"","1449","test_get_by_id_200","tests.api","Wed Jul 08 01:25:33 UTC 2026","passed","Wed Jul 08 01:25:34 UTC 2026","TestGetBrand","test_brand_api","",""
"API 不校验 monthly_installments 的值范围。","3022","test_installments_zero_200","tests.api","Wed Jul 08 01:32:38 UTC 2026","passed","Wed Jul 08 01:32:41 UTC 2026","TestPaymentCheck","test_payment_api","",""
"","728","test_sql_injection_card_number","tests.api","Wed Jul 08 01:33:05 UTC 2026","passed","Wed Jul 08 01:33:05 UTC 2026","TestPaymentCheck","test_payment_api","",""
"","817","test_list_page_0","tests.api","Wed Jul 08 01:37:32 UTC 2026","passed","Wed Jul 08 01:37:33 UTC 2026","TestUserList","test_user_api","",""
"","711","test_get_message_unauthorized_401","tests.api","Wed Jul 08 01:28:01 UTC 2026","passed","Wed Jul 08 01:28:01 UTC 2026","TestGetMessage","test_contact_api","",""
"英国邮编为字母数字混合格式。","694","test_postcode_alphanumeric","tests.api","Wed Jul 08 01:33:20 UTC 2026","passed","Wed Jul 08 01:33:21 UTC 2026","TestPostcodeLookup","test_postcode_api","",""
"","717","test_update_nonexistent_product","tests.api","Wed Jul 08 01:34:52 UTC 2026","passed","Wed Jul 08 01:34:53 UTC 2026","TestUpdateSpec","test_product_spec_api","",""
"","735","test_get_nonexistent_spec_404","tests.api","Wed Jul 08 01:34:46 UTC 2026","passed","Wed Jul 08 01:34:47 UTC 2026","TestGetSpec","test_product_spec_api","",""
"","698","test_get_favorites_unauthorized_401","tests.api","Wed Jul 08 01:28:45 UTC 2026","passed","Wed Jul 08 01:28:46 UTC 2026","TestGetFavorites","test_favorite_api","",""
"","714","test_missing_slug_422","tests.api","Wed Jul 08 01:27:05 UTC 2026","passed","Wed Jul 08 01:27:06 UTC 2026","TestCreateCategory","test_category_api","",""
"","727","test_password_no_uppercase_422","tests.api","Wed Jul 08 01:36:19 UTC 2026","passed","Wed Jul 08 01:36:19 UTC 2026","TestRegister","test_user_api","",""
"","816","test_unauthenticated_401","tests.api","Wed Jul 08 01:37:53 UTC 2026","passed","Wed Jul 08 01:37:54 UTC 2026","TestChangePassword","test_user_api","",""
"","710","test_unauthenticated_401","tests.api","Wed Jul 08 01:29:48 UTC 2026","passed","Wed Jul 08 01:29:48 UTC 2026","TestCreateInvoice","test_invoice_api","",""
"","714","test_name_xss","tests.api","Wed Jul 08 01:27:46 UTC 2026","passed","Wed Jul 08 01:27:47 UTC 2026","TestSendMessage","test_contact_api","",""
"","1435","test_delete_spec_204","tests.api","Wed Jul 08 01:34:53 UTC 2026","passed","Wed Jul 08 01:34:54 UTC 2026","TestDeleteSpec","test_product_spec_api","",""
"","722","test_filter_between","tests.api","Wed Jul 08 01:33:30 UTC 2026","passed","Wed Jul 08 01:33:31 UTC 2026","TestGetProducts","test_product_api","",""
"","2880","test_remove_nonexistent_product","tests.api","Wed Jul 08 01:26:40 UTC 2026","passed","Wed Jul 08 01:26:43 UTC 2026","TestRemoveItem","test_cart_api","",""
"用户 A 删除用户 B → 403。","733","test_user_a_delete_user_b_returns_403","tests.api","Wed Jul 08 01:38:13 UTC 2026","passed","Wed Jul 08 01:38:14 UTC 2026","TestPrivilegeEscalation","test_user_api","",""
"实测：ON_HOLD 在特定状态流转下可能被拒。","692","test_status_on_hold","tests.api","Wed Jul 08 01:28:14 UTC 2026","passed","Wed Jul 08 01:28:15 UTC 2026","TestUpdateStatus","test_contact_api","",""
"","728","test_is_location_offer_true","tests.api","Wed Jul 08 01:34:03 UTC 2026","passed","Wed Jul 08 01:34:04 UTC 2026","TestCreateProduct","test_product_api","",""
"","732","test_all_years_200","tests.api","Wed Jul 08 01:35:10 UTC 2026","passed","Wed Jul 08 01:35:11 UTC 2026","TestTotalSalesOfYears","test_report_api","",""
"","747","test_specific_year_200","tests.api","Wed Jul 08 01:35:21 UTC 2026","passed","Wed Jul 08 01:35:22 UTC 2026","TestAverageSalesPerWeek","test_report_api","",""
"","722","test_sort","tests.api","Wed Jul 08 01:33:31 UTC 2026","passed","Wed Jul 08 01:33:32 UTC 2026","TestGetProducts","test_product_api","",""
"","718","test_missing_email_401","tests.api","Wed Jul 08 01:36:41 UTC 2026","passed","Wed Jul 08 01:36:42 UTC 2026","TestLogin","test_user_api","",""
"","737","test_status_resolved_200","tests.api","Wed Jul 08 01:28:09 UTC 2026","passed","Wed Jul 08 01:28:09 UTC 2026","TestUpdateStatus","test_contact_api","",""
"","703","test_nonexistent_404","tests.api","Wed Jul 08 01:27:09 UTC 2026","passed","Wed Jul 08 01:27:09 UTC 2026","TestGetCategoryTreeById","test_category_api","",""
"","722","test_reply_message_251_chars_422","tests.api","Wed Jul 08 01:28:06 UTC 2026","passed","Wed Jul 08 01:28:06 UTC 2026","TestReplyMessage","test_contact_api","",""
"","845","test_verify_totp_empty_400","tests.api","Wed Jul 08 01:36:02 UTC 2026","passed","Wed Jul 08 01:36:03 UTC 2026","TestVerifyTOTP","test_totp_api","",""
"","716","test_update_spec_name_unit_200","tests.api","Wed Jul 08 01:34:47 UTC 2026","passed","Wed Jul 08 01:34:48 UTC 2026","TestUpdateSpec","test_product_spec_api","",""
"实测：API 不校验 country 格式，返回 200。","707","test_invalid_country","tests.api","Wed Jul 08 01:33:11 UTC 2026","passed","Wed Jul 08 01:33:12 UTC 2026","TestPostcodeLookup","test_postcode_api","",""
"","715","test_get_nonexistent_404","tests.api","Wed Jul 08 01:33:37 UTC 2026","passed","Wed Jul 08 01:33:37 UTC 2026","TestGetProduct","test_product_api","",""
"","756","test_message_exact_250_chars_200","tests.api","Wed Jul 08 01:27:44 UTC 2026","passed","Wed Jul 08 01:27:45 UTC 2026","TestSendMessage","test_contact_api","",""
"","721","test_slug_empty_string_422","tests.api","Wed Jul 08 01:25:52 UTC 2026","passed","Wed Jul 08 01:25:52 UTC 2026","TestBrandBoundary","test_brand_api","",""
"","718","test_missing_billing_country","tests.api","Wed Jul 08 01:29:54 UTC 2026","passed","Wed Jul 08 01:29:54 UTC 2026","TestCreateInvoice","test_invoice_api","",""
"","798","test_weak_new_password_422","tests.api","Wed Jul 08 01:37:52 UTC 2026","passed","Wed Jul 08 01:37:53 UTC 2026","TestChangePassword","test_user_api","",""
"","729","test_credit_card_200","tests.api","Wed Jul 08 01:32:14 UTC 2026","passed","Wed Jul 08 01:32:15 UTC 2026","TestPaymentCheck","test_payment_api","",""
"","701","test_missing_billing_street","tests.api","Wed Jul 08 01:29:35 UTC 2026","passed","Wed Jul 08 01:29:35 UTC 2026","TestCreateInvoice","test_invoice_api","",""
"","709","test_favorite_id_overlong","tests.api","Wed Jul 08 01:28:50 UTC 2026","passed","Wed Jul 08 01:28:50 UTC 2026","TestGetFavorite","test_favorite_api","",""
"","724","test_status_nonexistent","tests.api","Wed Jul 08 01:31:26 UTC 2026","passed","Wed Jul 08 01:31:26 UTC 2026","TestUpdateStatus","test_invoice_api","",""
"","1491","test_put_success","tests.api","Wed Jul 08 01:37:03 UTC 2026","passed","Wed Jul 08 01:37:05 UTC 2026","TestPutUser","test_user_api","",""
"","773","test_search_no_q","tests.api","Wed Jul 08 01:33:34 UTC 2026","passed","Wed Jul 08 01:33:35 UTC 2026","TestSearchProducts","test_product_api","",""
"","766","test_reply_unauthorized_401","tests.api","Wed Jul 08 01:28:03 UTC 2026","passed","Wed Jul 08 01:28:03 UTC 2026","TestReplyMessage","test_contact_api","",""
"","712","test_email_double_at","tests.api","Wed Jul 08 01:27:49 UTC 2026","passed","Wed Jul 08 01:27:49 UTC 2026","TestSendMessage","test_contact_api","",""
"","722","test_nonexistent_cart_id","tests.api","Wed Jul 08 01:29:43 UTC 2026","passed","Wed Jul 08 01:29:44 UTC 2026","TestCreateInvoice","test_invoice_api","",""
"","710","test_account_number_empty_422","tests.api","Wed Jul 08 01:32:25 UTC 2026","passed","Wed Jul 08 01:32:26 UTC 2026","TestPaymentCheck","test_payment_api","",""
"","699","test_xss_card_holder_name","tests.api","Wed Jul 08 01:33:05 UTC 2026","passed","Wed Jul 08 01:33:06 UTC 2026","TestPaymentCheck","test_payment_api","",""
"","748","test_create_top_level_201","tests.api","Wed Jul 08 01:27:01 UTC 2026","passed","Wed Jul 08 01:27:02 UTC 2026","TestCreateCategory","test_category_api","",""
"","1509","test_create_with_parent_id","tests.api","Wed Jul 08 01:27:02 UTC 2026","passed","Wed Jul 08 01:27:03 UTC 2026","TestCreateCategory","test_category_api","",""
"","710","test_message_sql_injection","tests.api","Wed Jul 08 01:27:47 UTC 2026","passed","Wed Jul 08 01:27:48 UTC 2026","TestSendMessage","test_contact_api","",""
"","809","test_list_default","tests.api","Wed Jul 08 01:37:31 UTC 2026","passed","Wed Jul 08 01:37:32 UTC 2026","TestUserList","test_user_api","",""
"","708","test_delete_nonexistent","tests.api","Wed Jul 08 01:27:19 UTC 2026","passed","Wed Jul 08 01:27:20 UTC 2026","TestDeleteCategory","test_category_api","",""
"","754","test_missing_product_id_422","tests.api","Wed Jul 08 01:28:32 UTC 2026","passed","Wed Jul 08 01:28:33 UTC 2026","TestAddFavorite","test_favorite_api","",""
"","738","test_create_201","tests.api","Wed Jul 08 01:25:28 UTC 2026","passed","Wed Jul 08 01:25:29 UTC 2026","TestCreateBrand","test_brand_api","",""
"","1471","test_put_nonexistent_404","tests.api","Wed Jul 08 01:34:07 UTC 2026","passed","Wed Jul 08 01:34:09 UTC 2026","TestPutProduct","test_product_api","",""
"","736","test_nonexistent_postcode","tests.api","Wed Jul 08 01:33:13 UTC 2026","passed","Wed Jul 08 01:33:14 UTC 2026","TestPostcodeLookup","test_postcode_api","",""
"","2875","test_delete_twice","tests.api","Wed Jul 08 01:34:15 UTC 2026","passed","Wed Jul 08 01:34:18 UTC 2026","TestDeleteProduct","test_product_api","",""
"","707","test_slug_overlong_422","tests.api","Wed Jul 08 01:25:58 UTC 2026","passed","Wed Jul 08 01:25:59 UTC 2026","TestBrandBoundaryGaps","test_brand_api","",""
"","732","test_upload_exe_file","tests.api","Wed Jul 08 01:28:21 UTC 2026","passed","Wed Jul 08 01:28:22 UTC 2026","TestContactDefense","test_contact_api","",""
"","726","test_billing_street_too_long","tests.api","Wed Jul 08 01:31:36 UTC 2026","passed","Wed Jul 08 01:31:37 UTC 2026","TestInvoiceBoundary","test_invoice_api","",""
"","715","test_bank_name_empty_422","tests.api","Wed Jul 08 01:32:24 UTC 2026","passed","Wed Jul 08 01:32:25 UTC 2026","TestPaymentCheck","test_payment_api","",""
"","733","test_patch_nonexistent_404","tests.api","Wed Jul 08 01:27:17 UTC 2026","passed","Wed Jul 08 01:27:17 UTC 2026","TestPatchCategory","test_category_api","",""
"","726","test_get_messages_unauthorized_401","tests.api","Wed Jul 08 01:27:55 UTC 2026","passed","Wed Jul 08 01:27:55 UTC 2026","TestGetMessages","test_contact_api","",""
"Token 过期后刷新——不污染 authenticated_user 夹具。","1545","test_token_expired_refresh","tests.api","Wed Jul 08 01:38:26 UTC 2026","passed","Wed Jul 08 01:38:27 UTC 2026","TestPrivilegeEscalation","test_user_api","",""
"","0","test_status_message_too_short","tests.api","Wed Jul 08 01:31:27 UTC 2026","skipped","Wed Jul 08 01:31:27 UTC 2026","TestUpdateStatus","test_invoice_api","",""
"","709","test_validation_code_empty_422","tests.api","Wed Jul 08 01:32:35 UTC 2026","passed","Wed Jul 08 01:32:35 UTC 2026","TestPaymentCheck","test_payment_api","",""
"","703","test_gift_card_number_empty_422","tests.api","Wed Jul 08 01:32:34 UTC 2026","passed","Wed Jul 08 01:32:35 UTC 2026","TestPaymentCheck","test_payment_api","",""
"","720","test_get_favorites_with_data","tests.api","Wed Jul 08 01:28:44 UTC 2026","passed","Wed Jul 08 01:28:45 UTC 2026","TestGetFavorites","test_favorite_api","",""
"","725","test_subject_null","tests.api","Wed Jul 08 01:27:51 UTC 2026","passed","Wed Jul 08 01:27:52 UTC 2026","TestSendMessage","test_contact_api","",""
"","735","test_send_full_fields_200","tests.api","Wed Jul 08 01:27:35 UTC 2026","passed","Wed Jul 08 01:27:35 UTC 2026","TestSendMessage","test_contact_api","",""
"","0","test_pdf_status","tests.api","Wed Jul 08 01:31:29 UTC 2026","skipped","Wed Jul 08 01:31:29 UTC 2026","TestPdf","test_invoice_api","",""
"","727","test_spec_name_empty_422","tests.api","Wed Jul 08 01:34:35 UTC 2026","passed","Wed Jul 08 01:34:36 UTC 2026","TestAddSpec","test_product_spec_api","",""
"","776","test_verify_totp_5_digits_400","tests.api","Wed Jul 08 01:36:01 UTC 2026","passed","Wed Jul 08 01:36:01 UTC 2026","TestVerifyTOTP","test_totp_api","",""
"","719","test_post_method_405","tests.api","Wed Jul 08 01:33:24 UTC 2026","passed","Wed Jul 08 01:33:25 UTC 2026","TestPostcodeLookup","test_postcode_api","",""
"","731","test_message_empty_422","tests.api","Wed Jul 08 01:27:46 UTC 2026","passed","Wed Jul 08 01:27:46 UTC 2026","TestSendMessage","test_contact_api","",""
"","2137","test_put_success","tests.api","Wed Jul 08 01:27:12 UTC 2026","passed","Wed Jul 08 01:27:14 UTC 2026","TestPutCategory","test_category_api","",""
"","710","test_delete_unauthorized_401","tests.api","Wed Jul 08 01:34:54 UTC 2026","passed","Wed Jul 08 01:34:55 UTC 2026","TestDeleteSpec","test_product_spec_api","",""
"","2242","test_patch_name","tests.api","Wed Jul 08 01:27:14 UTC 2026","passed","Wed Jul 08 01:27:17 UTC 2026","TestPatchCategory","test_category_api","",""
"","712","test_unauthorized_401","tests.api","Wed Jul 08 01:34:34 UTC 2026","passed","Wed Jul 08 01:34:35 UTC 2026","TestAddSpec","test_product_spec_api","",""
"","722","test_invalid_category_id","tests.api","Wed Jul 08 01:33:45 UTC 2026","passed","Wed Jul 08 01:33:45 UTC 2026","TestCreateProduct","test_product_api","",""
"","727","test_postcode_with_spaces","tests.api","Wed Jul 08 01:33:19 UTC 2026","passed","Wed Jul 08 01:33:20 UTC 2026","TestPostcodeLookup","test_postcode_api","",""
"","827","test_spec_unit_empty_string","tests.api","Wed Jul 08 01:34:38 UTC 2026","passed","Wed Jul 08 01:34:39 UTC 2026","TestAddSpec","test_product_spec_api","",""
"","706","test_missing_category_id","tests.api","Wed Jul 08 01:33:57 UTC 2026","passed","Wed Jul 08 01:33:58 UTC 2026","TestCreateProduct","test_product_api","",""
"","706","test_invalid_postcode_format_422","tests.api","Wed Jul 08 01:33:12 UTC 2026","passed","Wed Jul 08 01:33:13 UTC 2026","TestPostcodeLookup","test_postcode_api","",""
"","2704","test_status_unauthorized_401","tests.api","Wed Jul 08 01:28:09 UTC 2026","passed","Wed Jul 08 01:28:12 UTC 2026","TestUpdateStatus","test_contact_api","",""
"","802","test_postal_code_too_long_422","tests.api","Wed Jul 08 01:36:30 UTC 2026","passed","Wed Jul 08 01:36:31 UTC 2026","TestRegister","test_user_api","",""
"","721","test_cvv_5_digits","tests.api","Wed Jul 08 01:32:33 UTC 2026","passed","Wed Jul 08 01:32:33 UTC 2026","TestPaymentCheck","test_payment_api","",""
"","761","test_get_spec_names_200","tests.api","Wed Jul 08 01:34:55 UTC 2026","passed","Wed Jul 08 01:34:56 UTC 2026","TestGetSpecNames","test_product_spec_api","",""
"","726","test_nonexistent_404","tests.api","Wed Jul 08 01:25:34 UTC 2026","passed","Wed Jul 08 01:25:35 UTC 2026","TestGetBrand","test_brand_api","",""
"","702","test_invalid_payment_method","tests.api","Wed Jul 08 01:29:40 UTC 2026","passed","Wed Jul 08 01:29:41 UTC 2026","TestCreateInvoice","test_invoice_api","",""
"","761","test_create_cart_201","tests.api","Wed Jul 08 01:25:59 UTC 2026","passed","Wed Jul 08 01:26:00 UTC 2026","TestCreateCart","test_cart_api","",""
"","750","test_single_year_200","tests.api","Wed Jul 08 01:35:12 UTC 2026","passed","Wed Jul 08 01:35:13 UTC 2026","TestTotalSalesOfYears","test_report_api","",""
